-- Newark-IT Sample Data

-- Insert CUSTOMER data
INSERT INTO CUSTOMER (CID, FName, LName, EMail, Address, Phone, Status) VALUES (1, 'James', 'Schultz', 'andrearosales@example.org', '6762 Sean Spur, Blackport, DC 19669', '+50 (405) 758-4467', 'silver');
INSERT INTO CUSTOMER (CID, FName, LName, EMail, Address, Phone, Status) VALUES (2, 'Matthew', 'Kline', 'gabrielle09@example.com', '5632 Kathleen Squares Suite 132, South Ruben, HI 90543', '+21 (578) 751-6911', 'regular');
INSERT INTO CUSTOMER (CID, FName, LName, EMail, Address, Phone, Status) VALUES (3, 'Tyler', 'Wong', 'boyddanielle@example.net', '883 Bennett Land Apt. 604, Gailmouth, MO 12331', '+68 (225) 739-7499', 'gold');
INSERT INTO CUSTOMER (CID, FName, LName, EMail, Address, Phone, Status) VALUES (4, 'Angela', 'Torres', 'monica36@example.net', '13232 Matthew Rue, Lake Latashaton, PW 39243', '+41 (772) 367-2020', 'silver');
INSERT INTO CUSTOMER (CID, FName, LName, EMail, Address, Phone, Status) VALUES (5, 'Amanda', 'Hudson', 'fknight@example.com', '735 White Ways, East Audreyview, LA 74199', '+68 (951) 178-2364', 'gold');
INSERT INTO CUSTOMER (CID, FName, LName, EMail, Address, Phone, Status) VALUES (6, 'Melissa', 'Vega', 'clarkesabrina@example.com', 'USS Rogers, FPO AA 05415', '+83 (157) 252-2977', 'regular');
INSERT INTO CUSTOMER (CID, FName, LName, EMail, Address, Phone, Status) VALUES (7, 'Stacey', 'Hobbs', 'asalazar@example.com', '43826 Campbell Cape, North Lori, PA 73500', '+16 (176) 446-7924', 'platinum');
INSERT INTO CUSTOMER (CID, FName, LName, EMail, Address, Phone, Status) VALUES (8, 'Emily', 'Harris', 'lshepherd@example.net', '6880 Woods Fields Suite 369, New Jeremiah, NM 37344', '+88 (266) 680-5059', 'gold');
INSERT INTO CUSTOMER (CID, FName, LName, EMail, Address, Phone, Status) VALUES (9, 'Ashley', 'Mcclain', 'lramsey@example.com', '42774 Mcclain Passage Apt. 947, Edwinland, TX 79007', '+12 (503) 263-6213', 'platinum');
INSERT INTO CUSTOMER (CID, FName, LName, EMail, Address, Phone, Status) VALUES (10, 'Hailey', 'Martin', 'gfuller@example.com', '899 Michelle Way, Lawrencebury, ID 13423', '+5 (611) 855-7718', 'regular');
INSERT INTO CUSTOMER (CID, FName, LName, EMail, Address, Phone, Status) VALUES (11, 'Jason', 'Mitchell', 'voliver@example.com', '3519 Anderson Island, Breannamouth, DC 56216', '+43 (226) 355-3865', 'regular');
INSERT INTO CUSTOMER (CID, FName, LName, EMail, Address, Phone, Status) VALUES (12, 'Tracy', 'Forbes', 'esparzascott@example.com', '291 Martin Haven, Perezstad, SD 68571', '+86 (866) 299-2932', 'platinum');
INSERT INTO CUSTOMER (CID, FName, LName, EMail, Address, Phone, Status) VALUES (13, 'Peggy', 'Williams', 'sabrinaharris@example.org', '51718 Mark Coves Apt. 200, Hannahhaven, OR 10935', '+54 (245) 347-5432', 'silver');
INSERT INTO CUSTOMER (CID, FName, LName, EMail, Address, Phone, Status) VALUES (14, 'Harry', 'Griffith', 'summerstara@example.org', '06156 Rachel Mountain Apt. 349, West David, NC 98609', '+93 (598) 906-4162', 'regular');
INSERT INTO CUSTOMER (CID, FName, LName, EMail, Address, Phone, Status) VALUES (15, 'Melissa', 'Jackson', 'katherine25@example.net', '60401 Bullock Light Apt. 799, New Elizabeth, OR 82383', '+96 (279) 845-5324', 'platinum');
INSERT INTO CUSTOMER (CID, FName, LName, EMail, Address, Phone, Status) VALUES (16, 'Gary', 'Chase', 'mullinseugene@example.com', '2254 Brown Road, Khanton, SD 91638', '+14 (190) 936-7394', 'regular');
INSERT INTO CUSTOMER (CID, FName, LName, EMail, Address, Phone, Status) VALUES (17, 'Kathryn', 'Tucker', 'rossrebecca@example.com', '41903 James Drive Apt. 659, North Richardmouth, MN 16705', '+90 (247) 259-7702', 'platinum');
INSERT INTO CUSTOMER (CID, FName, LName, EMail, Address, Phone, Status) VALUES (18, 'Jessica', 'Young', 'ellisonmorgan@example.net', '7931 Michelle Flats Apt. 396, Lake Jeremy, WV 41162', '+93 (316) 164-1036', 'regular');
INSERT INTO CUSTOMER (CID, FName, LName, EMail, Address, Phone, Status) VALUES (19, 'Christina', 'Wells', 'davismargaret@example.org', '3662 Webb Mall, Marissachester, CA 12418', '+33 (255) 910-8783', 'regular');
INSERT INTO CUSTOMER (CID, FName, LName, EMail, Address, Phone, Status) VALUES (20, 'David', 'Cooper', 'gbradley@example.org', '252 Joshua Drives Suite 763, West Laurenbury, OK 20557', '+98 (204) 849-8047', 'gold');
INSERT INTO CUSTOMER (CID, FName, LName, EMail, Address, Phone, Status) VALUES (21, 'Jeffery', 'Franklin', 'xjohnson@example.net', '98907 Clark Tunnel Apt. 968, Nunezland, MA 33938', '+49 (685) 638-4492', 'gold');
INSERT INTO CUSTOMER (CID, FName, LName, EMail, Address, Phone, Status) VALUES (22, 'Vickie', 'Shaw', 'dawn64@example.com', '67765 Weiss Ranch Apt. 870, Schroederchester, VI 07210', '+87 (472) 698-4874', 'platinum');
INSERT INTO CUSTOMER (CID, FName, LName, EMail, Address, Phone, Status) VALUES (23, 'Destiny', 'Leon', 'johnnorris@example.org', '5986 Michael Radial Apt. 079, Gallegosshire, AS 58674', '+57 (371) 644-1954', 'silver');
INSERT INTO CUSTOMER (CID, FName, LName, EMail, Address, Phone, Status) VALUES (24, 'Michele', 'King', 'vwilson@example.net', '2591 Odom Ports, Lake Jessicaborough, MH 72926', '+94 (561) 549-5703', 'gold');
INSERT INTO CUSTOMER (CID, FName, LName, EMail, Address, Phone, Status) VALUES (25, 'Tiffany', 'Fernandez', 'nancytate@example.com', '842 Lewis Falls Suite 284, Jenniferfort, CA 14982', '+36 (895) 890-6899', 'regular');
INSERT INTO CUSTOMER (CID, FName, LName, EMail, Address, Phone, Status) VALUES (26, 'Manuel', 'Rodriguez', 'william07@example.org', '80999 Daniel Flat Apt. 235, New Kevinside, IN 25740', '+12 (321) 237-6172', 'gold');
INSERT INTO CUSTOMER (CID, FName, LName, EMail, Address, Phone, Status) VALUES (27, 'Christopher', 'Valdez', 'amandasmith@example.com', '136 Michelle Ridge Suite 605, West Miguel, OK 01100', '+42 (800) 309-8471', 'platinum');
INSERT INTO CUSTOMER (CID, FName, LName, EMail, Address, Phone, Status) VALUES (28, 'John', 'Brown', 'alexandra12@example.com', '78374 Harris Trace, Port Rebeccashire, DE 14650', '+40 (589) 789-1672', 'silver');
INSERT INTO CUSTOMER (CID, FName, LName, EMail, Address, Phone, Status) VALUES (29, 'Adriana', 'Bernard', 'drobinson@example.net', '9417 Stephanie Islands Apt. 020, North Toddburgh, MT 80591', '+13 (333) 998-2791', 'regular');
INSERT INTO CUSTOMER (CID, FName, LName, EMail, Address, Phone, Status) VALUES (30, 'Ashley', 'Valenzuela', 'jessica80@example.org', '8624 Joseph Centers Apt. 138, Scottmouth, IA 30129', '+64 (169) 333-7661', 'silver');
INSERT INTO CUSTOMER (CID, FName, LName, EMail, Address, Phone, Status) VALUES (31, 'Brian', 'Melton', 'blackmatthew@example.com', '4268 Diana Highway Apt. 183, Aaronton, NH 18226', '+55 (273) 946-2404', 'gold');
INSERT INTO CUSTOMER (CID, FName, LName, EMail, Address, Phone, Status) VALUES (32, 'Harry', 'Johnson', 'zreed@example.org', '530 Austin Groves Suite 489, Webbmouth, FL 01795', '+84 (934) 119-7821', 'gold');
INSERT INTO CUSTOMER (CID, FName, LName, EMail, Address, Phone, Status) VALUES (33, 'Brittney', 'Riggs', 'matthew17@example.org', '1634 Alyssa Tunnel Apt. 552, South Loribury, AK 96121', '+84 (497) 832-3959', 'regular');
INSERT INTO CUSTOMER (CID, FName, LName, EMail, Address, Phone, Status) VALUES (34, 'Melissa', 'Bridges', 'brandonmadden@example.net', 'USCGC Rhodes, FPO AA 71309', '+64 (886) 467-3058', 'platinum');
INSERT INTO CUSTOMER (CID, FName, LName, EMail, Address, Phone, Status) VALUES (35, 'Douglas', 'Wise', 'briggsmichael@example.com', '438 Woodard Trail Suite 572, Amyville, DE 50637', '+56 (492) 160-3340', 'regular');
INSERT INTO CUSTOMER (CID, FName, LName, EMail, Address, Phone, Status) VALUES (36, 'Zoe', 'Clark', 'brittany63@example.com', 'PSC 9866, Box 3936, APO AE 61636', '+3 (316) 351-4985', 'silver');
INSERT INTO CUSTOMER (CID, FName, LName, EMail, Address, Phone, Status) VALUES (37, 'Janet', 'Dillon', 'angelaguzman@example.com', '99819 Ashley Greens Suite 734, Novakshire, PW 77720', '+89 (525) 828-4849', 'silver');
INSERT INTO CUSTOMER (CID, FName, LName, EMail, Address, Phone, Status) VALUES (38, 'Taylor', 'Haynes', 'luis10@example.net', '497 Jonathan Hills Apt. 659, Cassandraberg, MP 21170', '+41 (154) 237-4288', 'platinum');
INSERT INTO CUSTOMER (CID, FName, LName, EMail, Address, Phone, Status) VALUES (39, 'Robert', 'Jones', 'gardnermichelle@example.com', 'PSC 5079, Box 0599, APO AP 92597', '+8 (446) 454-9923', 'silver');
INSERT INTO CUSTOMER (CID, FName, LName, EMail, Address, Phone, Status) VALUES (40, 'Lawrence', 'Gordon', 'melissa53@example.org', '1648 Bobby Junction Suite 253, North Gloriaview, ME 51616', '+75 (336) 599-2017', 'gold');
INSERT INTO CUSTOMER (CID, FName, LName, EMail, Address, Phone, Status) VALUES (41, 'Melanie', 'Keller', 'djones@example.net', '468 Gonzales Via Suite 515, Kellybury, IN 15148', '+34 (294) 449-6627', 'silver');
INSERT INTO CUSTOMER (CID, FName, LName, EMail, Address, Phone, Status) VALUES (42, 'Robert', 'King', 'jason45@example.org', 'PSC 2425, Box 0669, APO AE 91414', '+62 (526) 130-5901', 'platinum');
INSERT INTO CUSTOMER (CID, FName, LName, EMail, Address, Phone, Status) VALUES (43, 'Keith', 'Horton', 'deborahjackson@example.net', '290 Marisa Divide, New Jeremyshire, IL 15174', '+78 (456) 623-1956', 'silver');
INSERT INTO CUSTOMER (CID, FName, LName, EMail, Address, Phone, Status) VALUES (44, 'Courtney', 'Sanders', 'qtodd@example.com', '30928 Williams Crest, Port Jacobhaven, AZ 73138', '+48 (364) 479-7745', 'silver');
INSERT INTO CUSTOMER (CID, FName, LName, EMail, Address, Phone, Status) VALUES (45, 'Teresa', 'Gardner', 'jose98@example.org', '0252 Michael Ranch Apt. 476, Ronaldhaven, GA 02065', '+70 (640) 912-4132', 'silver');
INSERT INTO CUSTOMER (CID, FName, LName, EMail, Address, Phone, Status) VALUES (46, 'Erika', 'Lewis', 'danielleroberts@example.com', '85212 Amy Lodge, Frystad, MT 18064', '+95 (449) 633-3267', 'gold');
INSERT INTO CUSTOMER (CID, FName, LName, EMail, Address, Phone, Status) VALUES (47, 'Jordan', 'Thompson', 'kristinamccall@example.org', '707 Johnson Shores Apt. 542, New Judy, KS 62419', '+71 (751) 997-8019', 'platinum');
INSERT INTO CUSTOMER (CID, FName, LName, EMail, Address, Phone, Status) VALUES (48, 'Janice', 'Santos', 'andres28@example.net', '0094 Glover Dale, North Jenna, TN 11149', '+7 (752) 655-9383', 'platinum');
INSERT INTO CUSTOMER (CID, FName, LName, EMail, Address, Phone, Status) VALUES (49, 'Deborah', 'Everett', 'welchmatthew@example.net', '20106 Russell Run, Marcusberg, CT 59619', '+94 (672) 768-2805', 'silver');
INSERT INTO CUSTOMER (CID, FName, LName, EMail, Address, Phone, Status) VALUES (50, 'Kimberly', 'Martinez', 'lancejackson@example.net', '781 Robin Center, Lake Joseph, UT 84374', '+62 (106) 617-9359', 'regular');

-- Insert SILVER_AND_ABOVE data
INSERT INTO SILVER_AND_ABOVE (CID, CreditLine) VALUES (1, 3556.74);
INSERT INTO SILVER_AND_ABOVE (CID, CreditLine) VALUES (3, 1036.06);
INSERT INTO SILVER_AND_ABOVE (CID, CreditLine) VALUES (4, 751.32);
INSERT INTO SILVER_AND_ABOVE (CID, CreditLine) VALUES (5, 617.51);
INSERT INTO SILVER_AND_ABOVE (CID, CreditLine) VALUES (7, 3739.11);
INSERT INTO SILVER_AND_ABOVE (CID, CreditLine) VALUES (8, 4355.18);
INSERT INTO SILVER_AND_ABOVE (CID, CreditLine) VALUES (9, 4604.92);
INSERT INTO SILVER_AND_ABOVE (CID, CreditLine) VALUES (12, 1225.84);
INSERT INTO SILVER_AND_ABOVE (CID, CreditLine) VALUES (13, 3855.75);
INSERT INTO SILVER_AND_ABOVE (CID, CreditLine) VALUES (15, 3159.33);
INSERT INTO SILVER_AND_ABOVE (CID, CreditLine) VALUES (17, 1140.83);
INSERT INTO SILVER_AND_ABOVE (CID, CreditLine) VALUES (20, 3711.11);
INSERT INTO SILVER_AND_ABOVE (CID, CreditLine) VALUES (21, 4560.3);
INSERT INTO SILVER_AND_ABOVE (CID, CreditLine) VALUES (22, 1124.14);
INSERT INTO SILVER_AND_ABOVE (CID, CreditLine) VALUES (23, 2450.65);
INSERT INTO SILVER_AND_ABOVE (CID, CreditLine) VALUES (24, 2809.3);
INSERT INTO SILVER_AND_ABOVE (CID, CreditLine) VALUES (26, 3505.95);
INSERT INTO SILVER_AND_ABOVE (CID, CreditLine) VALUES (27, 2313.46);
INSERT INTO SILVER_AND_ABOVE (CID, CreditLine) VALUES (28, 2483.21);
INSERT INTO SILVER_AND_ABOVE (CID, CreditLine) VALUES (30, 4881.13);
INSERT INTO SILVER_AND_ABOVE (CID, CreditLine) VALUES (31, 3445.42);
INSERT INTO SILVER_AND_ABOVE (CID, CreditLine) VALUES (32, 3485.76);
INSERT INTO SILVER_AND_ABOVE (CID, CreditLine) VALUES (34, 4898.84);
INSERT INTO SILVER_AND_ABOVE (CID, CreditLine) VALUES (36, 864.07);
INSERT INTO SILVER_AND_ABOVE (CID, CreditLine) VALUES (37, 4686.52);
INSERT INTO SILVER_AND_ABOVE (CID, CreditLine) VALUES (38, 4872.32);
INSERT INTO SILVER_AND_ABOVE (CID, CreditLine) VALUES (39, 2200.6);
INSERT INTO SILVER_AND_ABOVE (CID, CreditLine) VALUES (40, 724.27);
INSERT INTO SILVER_AND_ABOVE (CID, CreditLine) VALUES (41, 1261.75);
INSERT INTO SILVER_AND_ABOVE (CID, CreditLine) VALUES (42, 4899.19);
INSERT INTO SILVER_AND_ABOVE (CID, CreditLine) VALUES (43, 1784.15);
INSERT INTO SILVER_AND_ABOVE (CID, CreditLine) VALUES (44, 3465.27);
INSERT INTO SILVER_AND_ABOVE (CID, CreditLine) VALUES (45, 1562.72);
INSERT INTO SILVER_AND_ABOVE (CID, CreditLine) VALUES (46, 4179.88);
INSERT INTO SILVER_AND_ABOVE (CID, CreditLine) VALUES (47, 2329.18);
INSERT INTO SILVER_AND_ABOVE (CID, CreditLine) VALUES (48, 4881.85);
INSERT INTO SILVER_AND_ABOVE (CID, CreditLine) VALUES (49, 2408.75);

-- Insert SHIPPING_ADDRESS data
INSERT INTO SHIPPING_ADDRESS (CID, SAName, RecipientName, Street, SNumber, City, Zip, State, Country) VALUES (1, 'Apartment', 'Roy Morrison', 'Linda Prairie', '3450', 'Gloriaberg', '38438', 'Kentucky', 'Niger');
INSERT INTO SHIPPING_ADDRESS (CID, SAName, RecipientName, Street, SNumber, City, Zip, State, Country) VALUES (1, 'Second Home', 'Elizabeth Anderson', 'Margaret Island', '94372', 'South Markborough', '90810', 'South Carolina', 'Germany');
INSERT INTO SHIPPING_ADDRESS (CID, SAName, RecipientName, Street, SNumber, City, Zip, State, Country) VALUES (1, 'Office', 'Ryan Meyers', 'Ashley Pike', '773', 'Toddborough', '46111', 'Georgia', 'Guadeloupe');
INSERT INTO SHIPPING_ADDRESS (CID, SAName, RecipientName, Street, SNumber, City, Zip, State, Country) VALUES (2, 'Cabin', 'Patricia Rogers', 'Hill Branch', '5331', 'Williamton', '84100', 'Montana', 'Saint Martin');
INSERT INTO SHIPPING_ADDRESS (CID, SAName, RecipientName, Street, SNumber, City, Zip, State, Country) VALUES (3, 'Dad''s House', 'Mrs. Jenny Green', 'Patterson Square', '789', 'Bryceport', '40624', 'Indiana', 'Kazakhstan');
INSERT INTO SHIPPING_ADDRESS (CID, SAName, RecipientName, Street, SNumber, City, Zip, State, Country) VALUES (3, 'Lake House', 'Lisa Adams', 'Jessica Shores', '816', 'Stephaniemouth', '56299', 'Missouri', 'Guadeloupe');
INSERT INTO SHIPPING_ADDRESS (CID, SAName, RecipientName, Street, SNumber, City, Zip, State, Country) VALUES (3, 'Parent''s House', 'Melissa Shepherd', 'Baker Passage', '27992', 'North Samuelview', '25276', 'New York', 'Nauru');
INSERT INTO SHIPPING_ADDRESS (CID, SAName, RecipientName, Street, SNumber, City, Zip, State, Country) VALUES (4, 'Beach House', 'Jennifer Sawyer', 'Karen Summit', '469', 'Jeromefurt', '94235', 'Massachusetts', 'Tuvalu');
INSERT INTO SHIPPING_ADDRESS (CID, SAName, RecipientName, Street, SNumber, City, Zip, State, Country) VALUES (5, 'UPS Store', 'James Lee', 'Teresa Ports', '136', 'New Brandonville', '59275', 'Hawaii', 'Swaziland');
INSERT INTO SHIPPING_ADDRESS (CID, SAName, RecipientName, Street, SNumber, City, Zip, State, Country) VALUES (5, 'Work', 'Megan Mccoy', 'Mitchell Skyway', '43027', 'East David', '73786', 'Indiana', 'Cyprus');
INSERT INTO SHIPPING_ADDRESS (CID, SAName, RecipientName, Street, SNumber, City, Zip, State, Country) VALUES (5, 'In-Laws', 'Thomas Harrison', 'Conway Plaza', '39928', 'West Scottshire', '58147', 'North Dakota', 'Ireland');
INSERT INTO SHIPPING_ADDRESS (CID, SAName, RecipientName, Street, SNumber, City, Zip, State, Country) VALUES (6, 'Home', 'Jeremy Johnson', 'Matthew Hollow', '120', 'Lake Andreafurt', '50699', 'Mississippi', 'Guyana');
INSERT INTO SHIPPING_ADDRESS (CID, SAName, RecipientName, Street, SNumber, City, Zip, State, Country) VALUES (6, 'Work', 'Paul Steele', 'Cuevas Groves', '5391', 'South Jerryfurt', '23602', 'Utah', 'Eritrea');
INSERT INTO SHIPPING_ADDRESS (CID, SAName, RecipientName, Street, SNumber, City, Zip, State, Country) VALUES (6, 'Beach House', 'Jordan Williams', 'Martinez Port', '71179', 'Holdenfurt', '67754', 'Colorado', 'Bouvet Island (Bouvetoya)');
INSERT INTO SHIPPING_ADDRESS (CID, SAName, RecipientName, Street, SNumber, City, Zip, State, Country) VALUES (7, 'Apartment', 'Gina Graham', 'Bennett Center', '8488', 'Gonzalezfort', '67705', 'Kansas', 'Heard Island and McDonald Islands');
INSERT INTO SHIPPING_ADDRESS (CID, SAName, RecipientName, Street, SNumber, City, Zip, State, Country) VALUES (7, 'P.O. Box', 'Mrs. Michelle Young', 'Deborah Fords', '371', 'South Brittanyshire', '74952', 'Arizona', 'Mauritius');
INSERT INTO SHIPPING_ADDRESS (CID, SAName, RecipientName, Street, SNumber, City, Zip, State, Country) VALUES (8, 'Lake House', 'Michael Armstrong', 'Lisa Freeway', '515', 'Moralesmouth', '48713', 'Texas', 'Slovakia (Slovak Republic)');
INSERT INTO SHIPPING_ADDRESS (CID, SAName, RecipientName, Street, SNumber, City, Zip, State, Country) VALUES (8, 'Winter Home', 'Jennifer Reynolds', 'Phillips Centers', '4526', 'South Jason', '44605', 'Rhode Island', 'Saudi Arabia');
INSERT INTO SHIPPING_ADDRESS (CID, SAName, RecipientName, Street, SNumber, City, Zip, State, Country) VALUES (9, 'Dorm Room', 'George Leon', 'Christopher Gardens', '36714', 'Hallland', '10191', 'Indiana', 'Ukraine');
INSERT INTO SHIPPING_ADDRESS (CID, SAName, RecipientName, Street, SNumber, City, Zip, State, Country) VALUES (9, 'Sister''s Place', 'Mary Thornton', 'Casey Landing', '636', 'Brittanyhaven', '81044', 'California', 'Germany');
INSERT INTO SHIPPING_ADDRESS (CID, SAName, RecipientName, Street, SNumber, City, Zip, State, Country) VALUES (9, 'Country Home', 'Jacob Swanson', 'Bartlett Wells', '4862', 'South Anna', '63092', 'Ohio', 'Tanzania');
INSERT INTO SHIPPING_ADDRESS (CID, SAName, RecipientName, Street, SNumber, City, Zip, State, Country) VALUES (10, 'Second Home', 'Douglas Perez', 'Madison Isle', '0754', 'Lake Richard', '62483', 'Oregon', 'Jordan');
INSERT INTO SHIPPING_ADDRESS (CID, SAName, RecipientName, Street, SNumber, City, Zip, State, Country) VALUES (10, 'Office', 'Elaine Pierce', 'Salinas Overpass', '2032', 'Tracistad', '68241', 'Georgia', 'Iraq');
INSERT INTO SHIPPING_ADDRESS (CID, SAName, RecipientName, Street, SNumber, City, Zip, State, Country) VALUES (10, 'Mailbox Plus', 'Dustin Dennis', 'Graves Springs', '6178', 'East Zoe', '88601', 'Wyoming', 'Tonga');
INSERT INTO SHIPPING_ADDRESS (CID, SAName, RecipientName, Street, SNumber, City, Zip, State, Country) VALUES (11, 'Work', 'Mr. Christopher Best', 'George Expressway', '1155', 'Fullerchester', '20519', 'Montana', 'Iceland');
INSERT INTO SHIPPING_ADDRESS (CID, SAName, RecipientName, Street, SNumber, City, Zip, State, Country) VALUES (12, 'Vacation Home', 'Brandon Brown', 'Mccoy Prairie', '30321', 'New Michael', '78376', 'Iowa', 'Finland');
INSERT INTO SHIPPING_ADDRESS (CID, SAName, RecipientName, Street, SNumber, City, Zip, State, Country) VALUES (12, 'Parent''s House', 'Virginia Long', 'Abigail Trail', '236', 'Barnesshire', '34805', 'Nevada', 'Peru');
INSERT INTO SHIPPING_ADDRESS (CID, SAName, RecipientName, Street, SNumber, City, Zip, State, Country) VALUES (12, 'Winter Home', 'David Stewart', 'Sullivan Alley', '25637', 'Port Chelsea', '76285', 'Arkansas', 'Cuba');
INSERT INTO SHIPPING_ADDRESS (CID, SAName, RecipientName, Street, SNumber, City, Zip, State, Country) VALUES (13, 'Second Home', 'Mrs. Rachel Hill', 'Wilson Manor', '8832', 'Craigton', '99843', 'Alaska', 'Saint Kitts and Nevis');
INSERT INTO SHIPPING_ADDRESS (CID, SAName, RecipientName, Street, SNumber, City, Zip, State, Country) VALUES (13, 'Vacation Home', 'Deanna Scott', 'Jarvis Alley', '0576', 'Dillonmouth', '35792', 'Vermont', 'Martinique');
INSERT INTO SHIPPING_ADDRESS (CID, SAName, RecipientName, Street, SNumber, City, Zip, State, Country) VALUES (14, 'Summer House', 'Susan Vazquez', 'Cheryl Shores', '79278', 'North Jeremy', '35027', 'South Dakota', 'Niue');
INSERT INTO SHIPPING_ADDRESS (CID, SAName, RecipientName, Street, SNumber, City, Zip, State, Country) VALUES (14, 'Rental Property', 'Michael Ross', 'Angela Drives', '137', 'Kellyville', '81124', 'Texas', 'Lebanon');
INSERT INTO SHIPPING_ADDRESS (CID, SAName, RecipientName, Street, SNumber, City, Zip, State, Country) VALUES (14, 'Lake House', 'Dr. Barry Martinez', 'Edwards Vista', '6731', 'Jacksonstad', '44434', 'Ohio', 'Uruguay');
INSERT INTO SHIPPING_ADDRESS (CID, SAName, RecipientName, Street, SNumber, City, Zip, State, Country) VALUES (15, 'Work', 'Ryan Thornton', 'Jenna Bridge', '18493', 'Jeffreyport', '29737', 'New Hampshire', 'Croatia');
INSERT INTO SHIPPING_ADDRESS (CID, SAName, RecipientName, Street, SNumber, City, Zip, State, Country) VALUES (15, 'In-Laws', 'Laura Simmons', 'West Trafficway', '745', 'Donaldberg', '02741', 'Utah', 'Congo');
INSERT INTO SHIPPING_ADDRESS (CID, SAName, RecipientName, Street, SNumber, City, Zip, State, Country) VALUES (15, 'Mom''s House', 'Michael White', 'Andrew Hill', '983', 'Harrisside', '04650', 'Indiana', 'Singapore');
INSERT INTO SHIPPING_ADDRESS (CID, SAName, RecipientName, Street, SNumber, City, Zip, State, Country) VALUES (16, 'Sister''s Place', 'Kimberly Murray', 'Turner Springs', '05134', 'Amandahaven', '78932', 'Nebraska', 'Saint Vincent and the Grenadines');
INSERT INTO SHIPPING_ADDRESS (CID, SAName, RecipientName, Street, SNumber, City, Zip, State, Country) VALUES (16, 'Winter Home', 'Ronald Dean', 'Linda Route', '83767', 'Johnchester', '02832', 'Iowa', 'Senegal');
INSERT INTO SHIPPING_ADDRESS (CID, SAName, RecipientName, Street, SNumber, City, Zip, State, Country) VALUES (16, 'UPS Store', 'Amber Matthews', 'Gibbs Knolls', '4447', 'Lake Williambury', '22661', 'Oregon', 'France');
INSERT INTO SHIPPING_ADDRESS (CID, SAName, RecipientName, Street, SNumber, City, Zip, State, Country) VALUES (17, 'Rental Property', 'Stephanie Keller', 'Yu Via', '6453', 'Wisemouth', '17081', 'Arkansas', 'Georgia');
INSERT INTO SHIPPING_ADDRESS (CID, SAName, RecipientName, Street, SNumber, City, Zip, State, Country) VALUES (17, 'Main Residence', 'Erin Allen', 'Landry Fort', '74358', 'Lake Katherinestad', '95795', 'Idaho', 'Indonesia');
INSERT INTO SHIPPING_ADDRESS (CID, SAName, RecipientName, Street, SNumber, City, Zip, State, Country) VALUES (18, 'Summer House', 'Jeffrey Evans', 'Vaughn Squares', '300', 'West Michael', '94799', 'New Jersey', 'South Africa');
INSERT INTO SHIPPING_ADDRESS (CID, SAName, RecipientName, Street, SNumber, City, Zip, State, Country) VALUES (19, 'In-Laws', 'Nancy Lewis', 'Ortiz Lane', '5242', 'Margaretside', '18041', 'New Mexico', 'Korea');
INSERT INTO SHIPPING_ADDRESS (CID, SAName, RecipientName, Street, SNumber, City, Zip, State, Country) VALUES (19, 'Parent''s House', 'Phillip Hood', 'David Ridge', '4556', 'East Courtneymouth', '66778', 'New York', 'Iran');
INSERT INTO SHIPPING_ADDRESS (CID, SAName, RecipientName, Street, SNumber, City, Zip, State, Country) VALUES (19, 'P.O. Box', 'Jennifer Malone', 'Jason Junction', '0961', 'East Jessicaport', '77127', 'Vermont', 'Colombia');
INSERT INTO SHIPPING_ADDRESS (CID, SAName, RecipientName, Street, SNumber, City, Zip, State, Country) VALUES (20, 'Business Address', 'Karen Keller', 'James Camp', '38469', 'South Dominiqueland', '78925', 'Maine', 'Kuwait');
INSERT INTO SHIPPING_ADDRESS (CID, SAName, RecipientName, Street, SNumber, City, Zip, State, Country) VALUES (20, 'Winter Home', 'Miguel Mays II', 'Jerry Islands', '6321', 'Lake Pamela', '04497', 'New Hampshire', 'Georgia');
INSERT INTO SHIPPING_ADDRESS (CID, SAName, RecipientName, Street, SNumber, City, Zip, State, Country) VALUES (21, 'Second Home', 'Robert Ochoa', 'Mia Meadow', '91033', 'Conleystad', '01964', 'Missouri', 'Iran');
INSERT INTO SHIPPING_ADDRESS (CID, SAName, RecipientName, Street, SNumber, City, Zip, State, Country) VALUES (21, 'Business Address', 'Joshua Tucker', 'Bell Ports', '24316', 'Port Elizabethshire', '31501', 'Illinois', 'Nepal');
INSERT INTO SHIPPING_ADDRESS (CID, SAName, RecipientName, Street, SNumber, City, Zip, State, Country) VALUES (21, 'Beach House', 'Monica Chandler', 'Nicole Fork', '960', 'Lake Jenniferstad', '89328', 'California', 'Cambodia');
INSERT INTO SHIPPING_ADDRESS (CID, SAName, RecipientName, Street, SNumber, City, Zip, State, Country) VALUES (22, 'Home', 'Carolyn Tran', 'Whitaker Circle', '84573', 'Seanberg', '50912', 'Maryland', 'Tokelau');
INSERT INTO SHIPPING_ADDRESS (CID, SAName, RecipientName, Street, SNumber, City, Zip, State, Country) VALUES (22, 'Lake House', 'Gregory Hughes', 'Walker Estate', '324', 'Markshire', '97714', 'Hawaii', 'French Southern Territories');
INSERT INTO SHIPPING_ADDRESS (CID, SAName, RecipientName, Street, SNumber, City, Zip, State, Country) VALUES (22, 'Mailbox Plus', 'Ronald Lopez', 'Ortiz Islands', '2851', 'North Johnchester', '20781', 'Ohio', 'Saint Pierre and Miquelon');
INSERT INTO SHIPPING_ADDRESS (CID, SAName, RecipientName, Street, SNumber, City, Zip, State, Country) VALUES (23, 'Rental Property', 'Michael Nguyen', 'Simmons Ferry', '52073', 'Port Aaronburgh', '48959', 'Iowa', 'Sao Tome and Principe');
INSERT INTO SHIPPING_ADDRESS (CID, SAName, RecipientName, Street, SNumber, City, Zip, State, Country) VALUES (23, 'Main Residence', 'Emma Morgan', 'Howell Oval', '036', 'Sanderston', '23430', 'Maryland', 'Saint Martin');
INSERT INTO SHIPPING_ADDRESS (CID, SAName, RecipientName, Street, SNumber, City, Zip, State, Country) VALUES (24, 'Main Residence', 'Brenda Webb', 'Marshall Wells', '9420', 'New Timothyview', '71829', 'New Mexico', 'Tuvalu');
INSERT INTO SHIPPING_ADDRESS (CID, SAName, RecipientName, Street, SNumber, City, Zip, State, Country) VALUES (24, 'UPS Store', 'Carl Jensen', 'Renee Locks', '328', 'Cowanburgh', '55599', 'Nebraska', 'Burundi');
INSERT INTO SHIPPING_ADDRESS (CID, SAName, RecipientName, Street, SNumber, City, Zip, State, Country) VALUES (25, 'Cabin', 'David Smith', 'Gonzales Radial', '42497', 'South Jamesview', '16393', 'Arizona', 'Ecuador');
INSERT INTO SHIPPING_ADDRESS (CID, SAName, RecipientName, Street, SNumber, City, Zip, State, Country) VALUES (26, 'Parent''s House', 'Carlos Rowe', 'Zamora Cape', '9257', 'Penamouth', '72336', 'Texas', 'Mozambique');
INSERT INTO SHIPPING_ADDRESS (CID, SAName, RecipientName, Street, SNumber, City, Zip, State, Country) VALUES (26, 'City Apartment', 'Taylor Johnson', 'Evans Creek', '733', 'Lake Sarahland', '55160', 'Maine', 'Tajikistan');
INSERT INTO SHIPPING_ADDRESS (CID, SAName, RecipientName, Street, SNumber, City, Zip, State, Country) VALUES (26, 'P.O. Box', 'Laura Carpenter', 'Jamie Inlet', '4892', 'New Aaron', '99120', 'Wyoming', 'Mexico');
INSERT INTO SHIPPING_ADDRESS (CID, SAName, RecipientName, Street, SNumber, City, Zip, State, Country) VALUES (27, 'P.O. Box', 'Shane Blake', 'Trevor Ford', '04010', 'North Juanville', '23361', 'Michigan', 'Iran');
INSERT INTO SHIPPING_ADDRESS (CID, SAName, RecipientName, Street, SNumber, City, Zip, State, Country) VALUES (28, 'Sister''s Place', 'Anthony Mendoza', 'Monica Circle', '516', 'Stevenfurt', '42378', 'New York', 'El Salvador');
INSERT INTO SHIPPING_ADDRESS (CID, SAName, RecipientName, Street, SNumber, City, Zip, State, Country) VALUES (29, 'Dad''s House', 'Tracy Flynn', 'Foster Road', '34035', 'North Anaview', '51605', 'Alabama', 'Nauru');
INSERT INTO SHIPPING_ADDRESS (CID, SAName, RecipientName, Street, SNumber, City, Zip, State, Country) VALUES (29, 'Business Address', 'Rebecca Fitzgerald', 'Walters Isle', '147', 'Alexandraport', '09158', 'Virginia', 'American Samoa');
INSERT INTO SHIPPING_ADDRESS (CID, SAName, RecipientName, Street, SNumber, City, Zip, State, Country) VALUES (30, 'Parent''s House', 'Alvin Barrett', 'Zachary Point', '24295', 'Lake Danielfort', '51844', 'Nevada', 'Jamaica');
INSERT INTO SHIPPING_ADDRESS (CID, SAName, RecipientName, Street, SNumber, City, Zip, State, Country) VALUES (31, 'Parent''s House', 'Eric Hughes', 'Lopez Mills', '5367', 'Penningtonburgh', '71826', 'Vermont', 'Saint Helena');
INSERT INTO SHIPPING_ADDRESS (CID, SAName, RecipientName, Street, SNumber, City, Zip, State, Country) VALUES (31, 'Beach House', 'Gabrielle Weaver', 'Michael Port', '0938', 'South Denisemouth', '66604', 'Tennessee', 'Puerto Rico');
INSERT INTO SHIPPING_ADDRESS (CID, SAName, RecipientName, Street, SNumber, City, Zip, State, Country) VALUES (32, 'Dorm Room', 'Deborah Smith', 'Sweeney Trail', '236', 'New Andrewside', '73235', 'Idaho', 'Afghanistan');
INSERT INTO SHIPPING_ADDRESS (CID, SAName, RecipientName, Street, SNumber, City, Zip, State, Country) VALUES (33, 'Office', 'John Martinez', 'David View', '64794', 'Port Granthaven', '50185', 'Nevada', 'Uganda');
INSERT INTO SHIPPING_ADDRESS (CID, SAName, RecipientName, Street, SNumber, City, Zip, State, Country) VALUES (34, 'Business Address', 'Susan Gamble', 'Dudley Prairie', '5140', 'West Juanfurt', '43762', 'Rhode Island', 'Luxembourg');
INSERT INTO SHIPPING_ADDRESS (CID, SAName, RecipientName, Street, SNumber, City, Zip, State, Country) VALUES (35, 'Country Home', 'Jorge Carroll', 'Rogers Villages', '1449', 'South Ashley', '30704', 'Massachusetts', 'Namibia');
INSERT INTO SHIPPING_ADDRESS (CID, SAName, RecipientName, Street, SNumber, City, Zip, State, Country) VALUES (36, 'Dad''s House', 'David Stephens', 'Joshua Mills', '294', 'Codyberg', '50120', 'Montana', 'Chile');
INSERT INTO SHIPPING_ADDRESS (CID, SAName, RecipientName, Street, SNumber, City, Zip, State, Country) VALUES (36, 'Home', 'Kimberly Howell', 'Phillips Islands', '7112', 'East Brittany', '19678', 'Maryland', 'Martinique');
INSERT INTO SHIPPING_ADDRESS (CID, SAName, RecipientName, Street, SNumber, City, Zip, State, Country) VALUES (37, 'Rental Property', 'Rachel Castillo', 'Schmitt Track', '106', 'Zunigaview', '32541', 'Hawaii', 'Sao Tome and Principe');
INSERT INTO SHIPPING_ADDRESS (CID, SAName, RecipientName, Street, SNumber, City, Zip, State, Country) VALUES (37, 'Work', 'Aaron Scott', 'Debra Passage', '843', 'Andrewshire', '79965', 'Missouri', 'Ghana');
INSERT INTO SHIPPING_ADDRESS (CID, SAName, RecipientName, Street, SNumber, City, Zip, State, Country) VALUES (37, 'Mom''s House', 'Dr. Anthony Walters', 'Teresa Roads', '216', 'Smithland', '35158', 'Delaware', 'French Southern Territories');
INSERT INTO SHIPPING_ADDRESS (CID, SAName, RecipientName, Street, SNumber, City, Zip, State, Country) VALUES (38, 'Home', 'Derrick Fowler', 'Duran Brook', '548', 'Port Matthew', '92257', 'Nebraska', 'Central African Republic');
INSERT INTO SHIPPING_ADDRESS (CID, SAName, RecipientName, Street, SNumber, City, Zip, State, Country) VALUES (38, 'Business Address', 'Matthew Campbell', 'Morton Island', '35718', 'Thomasshire', '18039', 'Delaware', 'Eritrea');
INSERT INTO SHIPPING_ADDRESS (CID, SAName, RecipientName, Street, SNumber, City, Zip, State, Country) VALUES (38, 'Mailbox Plus', 'Kevin Blake', 'Angela Burgs', '38373', 'New Tiffany', '94255', 'Nevada', 'Qatar');
INSERT INTO SHIPPING_ADDRESS (CID, SAName, RecipientName, Street, SNumber, City, Zip, State, Country) VALUES (39, 'Dorm Room', 'Jennifer Yu', 'Michael Groves', '069', 'Lake Darrylborough', '54518', 'New York', 'Hong Kong');
INSERT INTO SHIPPING_ADDRESS (CID, SAName, RecipientName, Street, SNumber, City, Zip, State, Country) VALUES (39, 'P.O. Box', 'David Peterson', 'Dennis Dale', '4060', 'New Aaronfurt', '28041', 'Wyoming', 'Niue');
INSERT INTO SHIPPING_ADDRESS (CID, SAName, RecipientName, Street, SNumber, City, Zip, State, Country) VALUES (39, 'Winter Home', 'April Salas', 'Crawford Courts', '4198', 'Clarenceberg', '81050', 'South Carolina', 'Colombia');
INSERT INTO SHIPPING_ADDRESS (CID, SAName, RecipientName, Street, SNumber, City, Zip, State, Country) VALUES (40, 'P.O. Box', 'Daniel Mills', 'Brittney Shoal', '627', 'Tiffanytown', '71165', 'Oregon', 'Cote d''Ivoire');
INSERT INTO SHIPPING_ADDRESS (CID, SAName, RecipientName, Street, SNumber, City, Zip, State, Country) VALUES (40, 'Business Address', 'Christopher Hubbard', 'Richard Circles', '03183', 'Jennifermouth', '24677', 'Idaho', 'Israel');
INSERT INTO SHIPPING_ADDRESS (CID, SAName, RecipientName, Street, SNumber, City, Zip, State, Country) VALUES (41, 'Work', 'Michelle Mathis', 'Eugene Circles', '87833', 'North Justin', '61962', 'Kansas', 'Botswana');
INSERT INTO SHIPPING_ADDRESS (CID, SAName, RecipientName, Street, SNumber, City, Zip, State, Country) VALUES (41, 'Lake House', 'Andrew Beltran', 'Michelle Summit', '9777', 'Port Brian', '34940', 'New York', 'Malawi');
INSERT INTO SHIPPING_ADDRESS (CID, SAName, RecipientName, Street, SNumber, City, Zip, State, Country) VALUES (42, 'Home', 'Andrea Lowery', 'Kathryn Falls', '7377', 'Cardenasstad', '07391', 'Illinois', 'Netherlands Antilles');
INSERT INTO SHIPPING_ADDRESS (CID, SAName, RecipientName, Street, SNumber, City, Zip, State, Country) VALUES (43, 'City Apartment', 'Jason Miller', 'Scott Mountain', '9154', 'West Joshuaberg', '98428', 'Wyoming', 'Croatia');
INSERT INTO SHIPPING_ADDRESS (CID, SAName, RecipientName, Street, SNumber, City, Zip, State, Country) VALUES (43, 'Mom''s House', 'Ian Fuller', 'Eduardo Village', '94136', 'Port Pedrohaven', '65660', 'Montana', 'Brazil');
INSERT INTO SHIPPING_ADDRESS (CID, SAName, RecipientName, Street, SNumber, City, Zip, State, Country) VALUES (44, 'Vacation Home', 'Amanda Romero', 'Patricia Bypass', '1330', 'Michaelton', '91279', 'Arizona', 'Belarus');
INSERT INTO SHIPPING_ADDRESS (CID, SAName, RecipientName, Street, SNumber, City, Zip, State, Country) VALUES (44, 'Cabin', 'Michael Evans', 'Benjamin Fort', '99343', 'North Jennifer', '02759', 'South Carolina', 'Bermuda');
INSERT INTO SHIPPING_ADDRESS (CID, SAName, RecipientName, Street, SNumber, City, Zip, State, Country) VALUES (45, 'Business Address', 'Jenna Molina', 'Jordan Inlet', '4275', 'Nicolemouth', '11424', 'Texas', 'Mexico');
INSERT INTO SHIPPING_ADDRESS (CID, SAName, RecipientName, Street, SNumber, City, Zip, State, Country) VALUES (45, 'Winter Home', 'Christopher Carrillo', 'Joshua Rue', '52526', 'Joneschester', '83802', 'Georgia', 'United States Virgin Islands');
INSERT INTO SHIPPING_ADDRESS (CID, SAName, RecipientName, Street, SNumber, City, Zip, State, Country) VALUES (46, 'P.O. Box', 'Mr. Michael Serrano', 'Bailey Roads', '825', 'Hernandezview', '15341', 'Kansas', 'Japan');
INSERT INTO SHIPPING_ADDRESS (CID, SAName, RecipientName, Street, SNumber, City, Zip, State, Country) VALUES (46, 'Beach House', 'Debra Burgess', 'Adam Village', '4626', 'Freemanmouth', '21447', 'Arizona', 'Grenada');
INSERT INTO SHIPPING_ADDRESS (CID, SAName, RecipientName, Street, SNumber, City, Zip, State, Country) VALUES (46, 'UPS Store', 'Raymond Ellison', 'Latasha Route', '63318', 'Gregoryhaven', '04672', 'Massachusetts', 'Cape Verde');
INSERT INTO SHIPPING_ADDRESS (CID, SAName, RecipientName, Street, SNumber, City, Zip, State, Country) VALUES (47, 'Second Home', 'Michelle Reid', 'Wilson Ville', '362', 'Andreabury', '90732', 'Arkansas', 'Bahamas');
INSERT INTO SHIPPING_ADDRESS (CID, SAName, RecipientName, Street, SNumber, City, Zip, State, Country) VALUES (48, 'Winter Home', 'Anthony Price', 'Rogers Roads', '6579', 'Chenville', '35577', 'Kentucky', 'Serbia');
INSERT INTO SHIPPING_ADDRESS (CID, SAName, RecipientName, Street, SNumber, City, Zip, State, Country) VALUES (48, 'Brother''s Place', 'Drew Joseph', 'Reynolds Trafficway', '8511', 'Lake Ronaldhaven', '05479', 'Kansas', 'Botswana');
INSERT INTO SHIPPING_ADDRESS (CID, SAName, RecipientName, Street, SNumber, City, Zip, State, Country) VALUES (49, 'Mom''s House', 'Jessica Hill', 'Smith Summit', '111', 'Esteschester', '86362', 'Colorado', 'Latvia');
INSERT INTO SHIPPING_ADDRESS (CID, SAName, RecipientName, Street, SNumber, City, Zip, State, Country) VALUES (49, 'Home', 'Kristine Obrien', 'Goodman Islands', '0633', 'Jillchester', '25402', 'Arkansas', 'Norway');
INSERT INTO SHIPPING_ADDRESS (CID, SAName, RecipientName, Street, SNumber, City, Zip, State, Country) VALUES (50, 'Home', 'Joy Kelly', 'Joshua Causeway', '520', 'Jessicamouth', '44931', 'Minnesota', 'Singapore');

-- Insert CREDIT_CARD data
INSERT INTO CREDIT_CARD (CCNumber, SecNumber, OwnerName, CCType, BilAddress, ExpDate, StoredCardCID) VALUES ('3562619960924679', '672', 'Sharon Washington', 'Visa', '5828 Barry Locks Apt. 825, Robertberg, IA 68834', '2027-06-05', 1);
INSERT INTO CREDIT_CARD (CCNumber, SecNumber, OwnerName, CCType, BilAddress, ExpDate, StoredCardCID) VALUES ('3515206816242601', '156', 'Michael Hogan', 'Visa', '754 Cooper Turnpike, South Wendy, FL 94695', '2027-05-03', 2);
INSERT INTO CREDIT_CARD (CCNumber, SecNumber, OwnerName, CCType, BilAddress, ExpDate, StoredCardCID) VALUES ('2711028380482007', '234', 'Timothy Palmer', 'Discover', '635 Nguyen Land, Meyersside, ID 52032', '2025-08-03', 2);
INSERT INTO CREDIT_CARD (CCNumber, SecNumber, OwnerName, CCType, BilAddress, ExpDate, StoredCardCID) VALUES ('4235702405208596', '161', 'Mary Torres', 'MasterCard', '220 Kemp Island Suite 946, Rodriguezborough, NJ 20270', '2026-09-18', 3);
INSERT INTO CREDIT_CARD (CCNumber, SecNumber, OwnerName, CCType, BilAddress, ExpDate, StoredCardCID) VALUES ('4287114562688189', '270', 'Traci Cooley', 'American Express', '4712 Davis Rapid, Rowestad, FM 20878', '2026-05-17', 4);
INSERT INTO CREDIT_CARD (CCNumber, SecNumber, OwnerName, CCType, BilAddress, ExpDate, StoredCardCID) VALUES ('36991453803585', '349', 'Justin Jones', 'American Express', '9280 Valerie Centers, New Shannon, CO 10324', '2028-03-08', 4);
INSERT INTO CREDIT_CARD (CCNumber, SecNumber, OwnerName, CCType, BilAddress, ExpDate, StoredCardCID) VALUES ('6580482761927305', '799', 'Marc Scott', 'MasterCard', '57984 Dominguez Burg Suite 530, South Amymouth, NM 99740', '2026-12-21', 5);
INSERT INTO CREDIT_CARD (CCNumber, SecNumber, OwnerName, CCType, BilAddress, ExpDate, StoredCardCID) VALUES ('6011924380623954', '829', 'Johnathan Wilson', 'American Express', '0022 Andrews Drive, Patriciaton, ME 49119', '2027-09-16', 6);
INSERT INTO CREDIT_CARD (CCNumber, SecNumber, OwnerName, CCType, BilAddress, ExpDate, StoredCardCID) VALUES ('4902766473385539', '493', 'Charles Macias', 'American Express', '36006 Baker Extension Suite 684, Angelaville, TX 63464', '2027-09-23', 7);
INSERT INTO CREDIT_CARD (CCNumber, SecNumber, OwnerName, CCType, BilAddress, ExpDate, StoredCardCID) VALUES ('6574564060432117', '841', 'Adrian Morris', 'Visa', '9317 Paula Squares Apt. 475, West Matthew, TN 72699', '2026-05-12', 7);
INSERT INTO CREDIT_CARD (CCNumber, SecNumber, OwnerName, CCType, BilAddress, ExpDate, StoredCardCID) VALUES ('30156319403964', '474', 'Kathleen Ramirez', 'MasterCard', '92856 Scott Course Apt. 188, Diazland, HI 53206', '2027-05-25', 8);
INSERT INTO CREDIT_CARD (CCNumber, SecNumber, OwnerName, CCType, BilAddress, ExpDate, StoredCardCID) VALUES ('4861797052301364', '931', 'Evelyn Soto', 'MasterCard', '9509 Sylvia Mount Suite 456, South Christopherport, DC 32952', '2026-08-26', 8);
INSERT INTO CREDIT_CARD (CCNumber, SecNumber, OwnerName, CCType, BilAddress, ExpDate, StoredCardCID) VALUES ('630446563896', '679', 'Reginald Hampton', 'Discover', '1099 Krause Roads, Lake Carlaberg, TN 05516', '2027-02-28', 9);
INSERT INTO CREDIT_CARD (CCNumber, SecNumber, OwnerName, CCType, BilAddress, ExpDate, StoredCardCID) VALUES ('4463981277417690', '921', 'Mrs. Hannah Anderson PhD', 'American Express', '8572 Mario Port Apt. 962, Welchchester, WI 70732', '2025-09-20', 10);
INSERT INTO CREDIT_CARD (CCNumber, SecNumber, OwnerName, CCType, BilAddress, ExpDate, StoredCardCID) VALUES ('213185111465847', '477', 'Anthony Perez', 'Visa', '09739 Lowe Harbor Apt. 977, New Marciaville, FL 14736', '2026-09-27', 11);
INSERT INTO CREDIT_CARD (CCNumber, SecNumber, OwnerName, CCType, BilAddress, ExpDate, StoredCardCID) VALUES ('4608563076945298094', '660', 'Dennis Cunningham', 'Visa', '2708 William Fort Suite 977, East Jason, ND 96500', '2025-07-25', 12);
INSERT INTO CREDIT_CARD (CCNumber, SecNumber, OwnerName, CCType, BilAddress, ExpDate, StoredCardCID) VALUES ('371407181631852', '225', 'Samuel Figueroa', 'MasterCard', '029 Katelyn Drives, Port Katie, AZ 15307', '2026-04-20', 13);
INSERT INTO CREDIT_CARD (CCNumber, SecNumber, OwnerName, CCType, BilAddress, ExpDate, StoredCardCID) VALUES ('3570767879822573', '609', 'Lucas Clark', 'MasterCard', '5303 Alan Light Suite 057, Port Davidbury, IN 16956', '2026-11-24', 13);
INSERT INTO CREDIT_CARD (CCNumber, SecNumber, OwnerName, CCType, BilAddress, ExpDate, StoredCardCID) VALUES ('676130547661', '635', 'Stephen Jones', 'Discover', '2410 Alexander Course Apt. 448, Devonton, SD 35829', '2027-11-25', 14);
INSERT INTO CREDIT_CARD (CCNumber, SecNumber, OwnerName, CCType, BilAddress, ExpDate, StoredCardCID) VALUES ('4424351474654560', '840', 'Edward Martin', 'MasterCard', '295 Edwards Lock Suite 089, North Patrick, HI 20313', '2027-03-28', 14);
INSERT INTO CREDIT_CARD (CCNumber, SecNumber, OwnerName, CCType, BilAddress, ExpDate, StoredCardCID) VALUES ('30270558103449', '381', 'Kimberly Singleton', 'MasterCard', '7820 Eric Roads Suite 590, Port Melissafurt, PA 52726', '2025-11-24', 15);
INSERT INTO CREDIT_CARD (CCNumber, SecNumber, OwnerName, CCType, BilAddress, ExpDate, StoredCardCID) VALUES ('4428540192712', '374', 'Darin Villanueva', 'Visa', '9356 Dale Bridge, Fryeville, ID 20955', '2026-05-23', 16);
INSERT INTO CREDIT_CARD (CCNumber, SecNumber, OwnerName, CCType, BilAddress, ExpDate, StoredCardCID) VALUES ('3576624867923554', '480', 'Amanda Maldonado', 'Visa', '2553 Saunders Harbor Suite 508, Jaclyntown, MO 56083', '2027-11-17', 17);
INSERT INTO CREDIT_CARD (CCNumber, SecNumber, OwnerName, CCType, BilAddress, ExpDate, StoredCardCID) VALUES ('4050372935634455', '501', 'John Powell', 'MasterCard', '13644 Angela Island, Moranmouth, IA 13268', '2027-08-05', 17);
INSERT INTO CREDIT_CARD (CCNumber, SecNumber, OwnerName, CCType, BilAddress, ExpDate, StoredCardCID) VALUES ('630465066433', '563', 'Mrs. Sandra Dickson', 'MasterCard', '9766 Santos Union Suite 406, Markshire, OH 85947', '2025-12-14', 18);
INSERT INTO CREDIT_CARD (CCNumber, SecNumber, OwnerName, CCType, BilAddress, ExpDate, StoredCardCID) VALUES ('30266863993623', '974', 'Heather Marquez', 'American Express', '091 Ortiz Mills, Meltonchester, NM 59547', '2025-06-24', 18);
INSERT INTO CREDIT_CARD (CCNumber, SecNumber, OwnerName, CCType, BilAddress, ExpDate, StoredCardCID) VALUES ('38720459670062', '846', 'Joel Davis', 'Discover', '6516 Jacob Harbor, Donnastad, GA 73506', '2028-03-04', 19);
INSERT INTO CREDIT_CARD (CCNumber, SecNumber, OwnerName, CCType, BilAddress, ExpDate, StoredCardCID) VALUES ('4579950387647844', '552', 'John Trevino', 'MasterCard', 'USCGC Phillips, FPO AP 42096', '2028-01-15', 19);
INSERT INTO CREDIT_CARD (CCNumber, SecNumber, OwnerName, CCType, BilAddress, ExpDate, StoredCardCID) VALUES ('4232841911480522', '426', 'Kevin Parker', 'Discover', 'USCGC Clark, FPO AA 21897', '2026-06-20', 20);
INSERT INTO CREDIT_CARD (CCNumber, SecNumber, OwnerName, CCType, BilAddress, ExpDate, StoredCardCID) VALUES ('346269597731912', '114', 'Denise Jacobs', 'Discover', '050 Willis Plains, Lake Richard, SD 58729', '2025-08-08', 21);
INSERT INTO CREDIT_CARD (CCNumber, SecNumber, OwnerName, CCType, BilAddress, ExpDate, StoredCardCID) VALUES ('4069295109929346884', '795', 'Robert Costa', 'Discover', '23688 Nguyen Causeway, West Joshuashire, DE 29618', '2025-04-27', 22);
INSERT INTO CREDIT_CARD (CCNumber, SecNumber, OwnerName, CCType, BilAddress, ExpDate, StoredCardCID) VALUES ('4841563794832693', '671', 'Danielle Bell', 'MasterCard', '254 Connie Wall, South Katherine, DC 54224', '2025-12-25', 22);
INSERT INTO CREDIT_CARD (CCNumber, SecNumber, OwnerName, CCType, BilAddress, ExpDate, StoredCardCID) VALUES ('4669939063275500', '655', 'Jacob Copeland', 'MasterCard', '8136 Paul Via Apt. 459, Frenchshire, AL 64723', '2027-08-25', 23);
INSERT INTO CREDIT_CARD (CCNumber, SecNumber, OwnerName, CCType, BilAddress, ExpDate, StoredCardCID) VALUES ('38311822660418', '690', 'Robert Hayes', 'American Express', '77768 Charles Vista, Amyborough, AZ 53356', '2028-01-31', 23);
INSERT INTO CREDIT_CARD (CCNumber, SecNumber, OwnerName, CCType, BilAddress, ExpDate, StoredCardCID) VALUES ('6570352335014751', '394', 'Timothy Hernandez', 'American Express', '7541 Conley Ramp Suite 504, Coleside, PW 10965', '2026-02-22', 24);
INSERT INTO CREDIT_CARD (CCNumber, SecNumber, OwnerName, CCType, BilAddress, ExpDate, StoredCardCID) VALUES ('4956119319845', '345', 'Richard Cross', 'MasterCard', '250 Lopez Drive Apt. 889, Catherineburgh, OH 46251', '2027-11-04', 25);
INSERT INTO CREDIT_CARD (CCNumber, SecNumber, OwnerName, CCType, BilAddress, ExpDate, StoredCardCID) VALUES ('4364753102811896', '551', 'Brittany Dixon', 'Visa', '1980 Porter Lake Suite 306, East Cheryl, SC 58925', '2027-03-26', 26);
INSERT INTO CREDIT_CARD (CCNumber, SecNumber, OwnerName, CCType, BilAddress, ExpDate, StoredCardCID) VALUES ('30485142984621', '334', 'Cheyenne Miller', 'Discover', '2639 Henderson Vista Apt. 816, Lake Danielville, GA 66630', '2025-12-08', 27);
INSERT INTO CREDIT_CARD (CCNumber, SecNumber, OwnerName, CCType, BilAddress, ExpDate, StoredCardCID) VALUES ('3589971496565800', '195', 'Sandra Davis', 'Visa', '597 Roy Isle Suite 938, Lake Natashaton, MS 19260', '2027-04-22', 27);
INSERT INTO CREDIT_CARD (CCNumber, SecNumber, OwnerName, CCType, BilAddress, ExpDate, StoredCardCID) VALUES ('6011095425475658', '705', 'Jason Arnold', 'Discover', '9945 David Rapids Apt. 074, Emilyhaven, MD 42298', '2025-09-26', 28);
INSERT INTO CREDIT_CARD (CCNumber, SecNumber, OwnerName, CCType, BilAddress, ExpDate, StoredCardCID) VALUES ('4501459185728148', '581', 'Kimberly Burns', 'Visa', '9794 Barber Shores Suite 969, Marymouth, NV 53325', '2026-12-13', 29);
INSERT INTO CREDIT_CARD (CCNumber, SecNumber, OwnerName, CCType, BilAddress, ExpDate, StoredCardCID) VALUES ('4352170442334332284', '288', 'Matthew Lee', 'Discover', '987 Christopher Manor, Lake Stephanie, OH 66267', '2025-09-08', 30);
INSERT INTO CREDIT_CARD (CCNumber, SecNumber, OwnerName, CCType, BilAddress, ExpDate, StoredCardCID) VALUES ('3505622449276364', '513', 'Victoria Clark', 'MasterCard', '583 Miller Views Suite 241, Mercerport, MH 30587', '2025-12-02', 31);
INSERT INTO CREDIT_CARD (CCNumber, SecNumber, OwnerName, CCType, BilAddress, ExpDate, StoredCardCID) VALUES ('3531062591951464', '623', 'Ronald Wilson', 'American Express', '376 Howell Glen Apt. 555, Lake Travismouth, AR 83040', '2026-12-31', 32);
INSERT INTO CREDIT_CARD (CCNumber, SecNumber, OwnerName, CCType, BilAddress, ExpDate, StoredCardCID) VALUES ('6011629458463213', '848', 'Nicole Owens', 'Visa', '9485 Jason Roads Suite 522, Tranberg, VA 69335', '2026-02-15', 33);
INSERT INTO CREDIT_CARD (CCNumber, SecNumber, OwnerName, CCType, BilAddress, ExpDate, StoredCardCID) VALUES ('180013012055252', '549', 'Amanda Cobb', 'MasterCard', '7230 Matthew Loaf, Williamstown, OR 14948', '2027-06-14', 33);
INSERT INTO CREDIT_CARD (CCNumber, SecNumber, OwnerName, CCType, BilAddress, ExpDate, StoredCardCID) VALUES ('3595220915395197', '714', 'Brian Scott', 'Visa', '50048 Caitlin Cliff, New Jeremyfurt, MI 76217', '2027-04-27', 34);
INSERT INTO CREDIT_CARD (CCNumber, SecNumber, OwnerName, CCType, BilAddress, ExpDate, StoredCardCID) VALUES ('3556534067376673', '455', 'Edward Anderson', 'Discover', '3925 Blankenship Rue, Youngchester, TN 59236', '2025-09-07', 35);
INSERT INTO CREDIT_CARD (CCNumber, SecNumber, OwnerName, CCType, BilAddress, ExpDate, StoredCardCID) VALUES ('2720875118866698', '473', 'Ellen Schultz', 'MasterCard', '411 Gene Tunnel Suite 794, North Jasmineborough, UT 43027', '2025-09-01', 36);
INSERT INTO CREDIT_CARD (CCNumber, SecNumber, OwnerName, CCType, BilAddress, ExpDate, StoredCardCID) VALUES ('4378449515549', '401', 'Robert Jones', 'American Express', '22126 Julie Curve, North Becky, GA 93271', '2027-01-09', 37);
INSERT INTO CREDIT_CARD (CCNumber, SecNumber, OwnerName, CCType, BilAddress, ExpDate, StoredCardCID) VALUES ('4176040164121864342', '887', 'Jennifer Adkins', 'American Express', '153 Mccarthy Street Apt. 144, Sullivanborough, NH 28239', '2027-12-20', 38);
INSERT INTO CREDIT_CARD (CCNumber, SecNumber, OwnerName, CCType, BilAddress, ExpDate, StoredCardCID) VALUES ('2681005151487056', '411', 'Samuel Valdez', 'MasterCard', '001 Young Lodge, Mcintoshburgh, GU 31739', '2026-12-03', 39);
INSERT INTO CREDIT_CARD (CCNumber, SecNumber, OwnerName, CCType, BilAddress, ExpDate, StoredCardCID) VALUES ('3592336158162764', '995', 'Gregg Mann', 'Discover', '85530 Curry Knolls Suite 442, Shaneburgh, MT 91832', '2025-09-15', 39);
INSERT INTO CREDIT_CARD (CCNumber, SecNumber, OwnerName, CCType, BilAddress, ExpDate, StoredCardCID) VALUES ('3533037764269256', '796', 'Daniel Lawson', 'Discover', '6932 Jessica Highway, Seanmouth, GA 95857', '2026-08-07', 40);
INSERT INTO CREDIT_CARD (CCNumber, SecNumber, OwnerName, CCType, BilAddress, ExpDate, StoredCardCID) VALUES ('6011106047114755', '289', 'Andrew Bond', 'Discover', '29414 Dixon Harbor, Andersontown, MT 90383', '2026-10-24', 40);
INSERT INTO CREDIT_CARD (CCNumber, SecNumber, OwnerName, CCType, BilAddress, ExpDate, StoredCardCID) VALUES ('30557421758684', '324', 'Chloe Love', 'American Express', '5446 Walker Track Suite 013, Wendyfurt, KS 59020', '2027-07-12', 41);
INSERT INTO CREDIT_CARD (CCNumber, SecNumber, OwnerName, CCType, BilAddress, ExpDate, StoredCardCID) VALUES ('4561703966170708811', '160', 'Gary Lee', 'Visa', 'USNV Manning, FPO AP 79677', '2027-09-27', 41);
INSERT INTO CREDIT_CARD (CCNumber, SecNumber, OwnerName, CCType, BilAddress, ExpDate, StoredCardCID) VALUES ('4068180448261', '784', 'Carrie Hill', 'American Express', '9365 Bradley Corner Suite 440, Matthewfurt, LA 28548', '2027-03-06', 42);
INSERT INTO CREDIT_CARD (CCNumber, SecNumber, OwnerName, CCType, BilAddress, ExpDate, StoredCardCID) VALUES ('4020157830311468750', '918', 'Thomas Carter', 'MasterCard', '010 Sarah Plaza, Coleshire, WV 25927', '2025-12-12', 42);
INSERT INTO CREDIT_CARD (CCNumber, SecNumber, OwnerName, CCType, BilAddress, ExpDate, StoredCardCID) VALUES ('180013834859857', '126', 'Elizabeth Schroeder', 'Visa', '0608 Tracy Harbors Suite 819, North Spencer, CT 16978', '2027-02-01', 43);
INSERT INTO CREDIT_CARD (CCNumber, SecNumber, OwnerName, CCType, BilAddress, ExpDate, StoredCardCID) VALUES ('6546274969020352', '784', 'Steven Wagner', 'American Express', '725 Mikayla Junction, Tinamouth, MI 84745', '2025-08-06', 44);
INSERT INTO CREDIT_CARD (CCNumber, SecNumber, OwnerName, CCType, BilAddress, ExpDate, StoredCardCID) VALUES ('5313919297686513', '984', 'Robert Cannon', 'Visa', '299 Irwin Brook Apt. 401, Travisville, MA 18320', '2027-08-25', 44);
INSERT INTO CREDIT_CARD (CCNumber, SecNumber, OwnerName, CCType, BilAddress, ExpDate, StoredCardCID) VALUES ('4823873594906866', '415', 'Leslie Newman', 'Visa', '63014 Melendez Rapids Suite 407, Careyshire, MH 78411', '2025-07-21', 45);
INSERT INTO CREDIT_CARD (CCNumber, SecNumber, OwnerName, CCType, BilAddress, ExpDate, StoredCardCID) VALUES ('3501942584442231', '892', 'Laura Rivas', 'American Express', '98975 Jacqueline Fork, North Daryl, CA 34214', '2027-12-21', 46);
INSERT INTO CREDIT_CARD (CCNumber, SecNumber, OwnerName, CCType, BilAddress, ExpDate, StoredCardCID) VALUES ('180090217064883', '436', 'Courtney Conley', 'Discover', '6441 Karina Cove, West Tracy, MA 11907', '2025-09-09', 46);
INSERT INTO CREDIT_CARD (CCNumber, SecNumber, OwnerName, CCType, BilAddress, ExpDate, StoredCardCID) VALUES ('4415344729951384853', '811', 'Mary Flores', 'MasterCard', 'PSC 0975, Box 6799, APO AA 56576', '2028-02-18', 47);
INSERT INTO CREDIT_CARD (CCNumber, SecNumber, OwnerName, CCType, BilAddress, ExpDate, StoredCardCID) VALUES ('3577536989297650', '492', 'Ronald Brown', 'MasterCard', '4287 Ramirez Lodge Apt. 339, Yangborough, GA 05145', '2028-01-27', 47);
INSERT INTO CREDIT_CARD (CCNumber, SecNumber, OwnerName, CCType, BilAddress, ExpDate, StoredCardCID) VALUES ('675923240237', '401', 'Joseph Bowers', 'Visa', '00965 Hoffman Hill, Goodwinmouth, VT 27401', '2025-08-01', 48);
INSERT INTO CREDIT_CARD (CCNumber, SecNumber, OwnerName, CCType, BilAddress, ExpDate, StoredCardCID) VALUES ('379925993991653', '673', 'Jonathon Roberts', 'American Express', '1167 Carpenter Highway, South Eddie, MP 64674', '2025-05-01', 49);
INSERT INTO CREDIT_CARD (CCNumber, SecNumber, OwnerName, CCType, BilAddress, ExpDate, StoredCardCID) VALUES ('4664745421668325753', '827', 'Brittany Oconnor', 'American Express', '6684 Jennifer Bypass Suite 637, North Ginaport, NE 95602', '2027-04-26', 49);
INSERT INTO CREDIT_CARD (CCNumber, SecNumber, OwnerName, CCType, BilAddress, ExpDate, StoredCardCID) VALUES ('4936761598100982647', '785', 'James Sharp', 'Visa', '851 White Islands, Port Brianburgh, NE 71208', '2025-05-21', 50);
INSERT INTO CREDIT_CARD (CCNumber, SecNumber, OwnerName, CCType, BilAddress, ExpDate, StoredCardCID) VALUES ('4735817633216826', '701', 'Shannon White', 'American Express', '201 Erin Parkways, South John, PA 44464', '2026-10-14', 50);

-- Insert PRODUCT data
INSERT INTO PRODUCT (PID, PType, PName, PPrice, PDescription, PQuantity) VALUES (1, 'Printer', 'Comptech Label Printer Max2138', 740.2, 'Versatile Comptech Label Printer Max2138 that handles multiple paper sizes and types. Features include energy efficiency and award-winning design.', 95);
INSERT INTO PRODUCT (PID, PType, PName, PPrice, PDescription, PQuantity) VALUES (2, 'Desktop', 'EliteBook Professional Workstation S5041', 1505.58, 'High-performance EliteBook Professional Workstation S5041 with advanced cooling system for intensive tasks. Features include energy efficiency and intuitive controls.', 20);
INSERT INTO PRODUCT (PID, PType, PName, PPrice, PDescription, PQuantity) VALUES (3, 'Printer', 'PulseTech Wide Format Ultra2316', 1811.05, 'Versatile PulseTech Wide Format Ultra2316 that handles multiple paper sizes and types. Features include customizable settings and intuitive controls.', 41);
INSERT INTO PRODUCT (PID, PType, PName, PPrice, PDescription, PQuantity) VALUES (4, 'Accessory', 'QuantumTech Surge Protector Elite8320', 2811.07, 'High-performance QuantumTech Surge Protector Elite8320 built for professionals and enthusiasts. Features include energy efficiency and extended warranty.', 64);
INSERT INTO PRODUCT (PID, PType, PName, PPrice, PDescription, PQuantity) VALUES (5, 'Accessory', 'MatrixPC Graphics Tablet Slim9239', 1746.95, 'Premium MatrixPC Graphics Tablet Slim9239 with ergonomic design for extended use. Features include customizable settings and premium materials.', 69);
INSERT INTO PRODUCT (PID, PType, PName, PPrice, PDescription, PQuantity) VALUES (6, 'Laptop', 'InnovateTech Budget Laptop X7512', 1447.17, 'Lightweight and portable InnovateTech Budget Laptop X7512 with all-day battery life. Features include noise reduction technology and premium materials.', 39);
INSERT INTO PRODUCT (PID, PType, PName, PPrice, PDescription, PQuantity) VALUES (7, 'Printer', 'CoreTech 3D Printer Plus4404', 957.55, 'Efficient CoreTech 3D Printer Plus4404 with eco-friendly ink system that reduces waste. Features include noise reduction technology and premium materials.', 56);
INSERT INTO PRODUCT (PID, PType, PName, PPrice, PDescription, PQuantity) VALUES (8, 'Laptop', 'MegaByte Chromebook Max7816', 1480.07, 'Lightweight and portable MegaByte Chromebook Max7816 with all-day battery life. Features include customizable settings and extended warranty.', 13);
INSERT INTO PRODUCT (PID, PType, PName, PPrice, PDescription, PQuantity) VALUES (9, 'Laptop', 'AlphaSys Premium Laptop Max5201', 2310.88, 'Slim AlphaSys Premium Laptop Max5201 with military-grade durability and biometric security features. Features include compact design and intuitive controls.', 12);
INSERT INTO PRODUCT (PID, PType, PName, PPrice, PDescription, PQuantity) VALUES (10, 'Accessory', 'EliteBook Headset Slim8546', 1738.55, 'Durable EliteBook Headset Slim8546 with advanced features for everyday use. Features include customizable settings and premium materials.', 26);
INSERT INTO PRODUCT (PID, PType, PName, PPrice, PDescription, PQuantity) VALUES (11, 'Desktop', 'NexGen All-in-One S2769', 947.98, 'Sleek and powerful NexGen All-in-One S2769 designed for professional environments. Features include noise reduction technology and extended warranty.', 25);
INSERT INTO PRODUCT (PID, PType, PName, PPrice, PDescription, PQuantity) VALUES (12, 'Printer', 'MatrixPC Monochrome Laser Pro5158', 854.18, 'High-speed MatrixPC Monochrome Laser Pro5158 with wireless connectivity for seamless printing. Features include noise reduction technology and extended warranty.', 87);
INSERT INTO PRODUCT (PID, PType, PName, PPrice, PDescription, PQuantity) VALUES (13, 'Printer', 'PrimeWare Label Printer Z5634', 231.99, 'High-speed PrimeWare Label Printer Z5634 with wireless connectivity for seamless printing. Features include noise reduction technology and intuitive controls.', 50);
INSERT INTO PRODUCT (PID, PType, PName, PPrice, PDescription, PQuantity) VALUES (14, 'Laptop', 'MatrixPC Chromebook Z7209', 1456.82, 'Slim MatrixPC Chromebook Z7209 with military-grade durability and biometric security features. Features include fast connectivity and intuitive controls.', 35);
INSERT INTO PRODUCT (PID, PType, PName, PPrice, PDescription, PQuantity) VALUES (15, 'Laptop', 'TechPro 2-in-1 Convertible Ultra5701', 2479.08, 'Slim TechPro 2-in-1 Convertible Ultra5701 with military-grade durability and biometric security features. Features include compact design and extended warranty.', 46);
INSERT INTO PRODUCT (PID, PType, PName, PPrice, PDescription, PQuantity) VALUES (16, 'Desktop', 'PulseTech Professional Workstation X1636', 172.78, 'Ultimate gaming experience with the PulseTech Professional Workstation X1636, featuring customizable RGB lighting. Features include fast connectivity and automatic functionality.', 99);
INSERT INTO PRODUCT (PID, PType, PName, PPrice, PDescription, PQuantity) VALUES (17, 'Printer', 'DataFlow Document Scanner X8371', 1910.93, 'High-speed DataFlow Document Scanner X8371 with wireless connectivity for seamless printing. Features include fast connectivity and automatic functionality.', 53);
INSERT INTO PRODUCT (PID, PType, PName, PPrice, PDescription, PQuantity) VALUES (18, 'Accessory', 'UniTech Webcam Ultra3276', 2089.66, 'Sleek and modern UniTech Webcam Ultra3276 that complements any workspace. Features include fast connectivity and automatic functionality.', 21);
INSERT INTO PRODUCT (PID, PType, PName, PPrice, PDescription, PQuantity) VALUES (19, 'Laptop', 'TitanWare 2-in-1 Convertible Z4189', 2138.88, 'Slim TitanWare 2-in-1 Convertible Z4189 with military-grade durability and biometric security features. Features include noise reduction technology and intuitive controls.', 79);
INSERT INTO PRODUCT (PID, PType, PName, PPrice, PDescription, PQuantity) VALUES (20, 'Laptop', 'TechPro Professional Notebook Slim3070', 501.81, 'Rugged TechPro Professional Notebook Slim3070 built to withstand demanding environments. Features include energy efficiency and award-winning design.', 84);
INSERT INTO PRODUCT (PID, PType, PName, PPrice, PDescription, PQuantity) VALUES (21, 'Laptop', 'MegaByte Graphics Workstation Plus5734', 1696.85, 'Premium MegaByte Graphics Workstation Plus5734 featuring a vivid display and immersive audio. Features include energy efficiency and intuitive controls.', 20);
INSERT INTO PRODUCT (PID, PType, PName, PPrice, PDescription, PQuantity) VALUES (22, 'Printer', 'QuantumTech Wide Format Elite5725', 1847.52, 'Versatile QuantumTech Wide Format Elite5725 that handles multiple paper sizes and types. Features include fast connectivity and extended warranty.', 26);
INSERT INTO PRODUCT (PID, PType, PName, PPrice, PDescription, PQuantity) VALUES (23, 'Desktop', 'VertexSys All-in-One Ultra5626', 1127.11, 'Ultimate gaming experience with the VertexSys All-in-One Ultra5626, featuring customizable RGB lighting. Features include customizable settings and intuitive controls.', 34);
INSERT INTO PRODUCT (PID, PType, PName, PPrice, PDescription, PQuantity) VALUES (24, 'Laptop', 'QuantumTech Gaming Laptop Pro1038', 2390.42, 'Slim QuantumTech Gaming Laptop Pro1038 with military-grade durability and biometric security features. Features include customizable settings and award-winning design.', 5);
INSERT INTO PRODUCT (PID, PType, PName, PPrice, PDescription, PQuantity) VALUES (25, 'Printer', 'FutureSys Label Printer X3235', 2729.31, 'Professional-grade FutureSys Label Printer X3235 for stunning photo and document output. Features include fast connectivity and automatic functionality.', 38);
INSERT INTO PRODUCT (PID, PType, PName, PPrice, PDescription, PQuantity) VALUES (26, 'Accessory', 'QuantumTech External Hard Drive X9556', 1212.87, 'Essential QuantumTech External Hard Drive X9556 designed for maximum comfort and productivity. Features include energy efficiency and award-winning design.', 84);
INSERT INTO PRODUCT (PID, PType, PName, PPrice, PDescription, PQuantity) VALUES (27, 'Desktop', 'TitanWare Gaming PC Slim1047', 1249.78, 'Ultimate gaming experience with the TitanWare Gaming PC Slim1047, featuring customizable RGB lighting. Features include fast connectivity and extended warranty.', 57);
INSERT INTO PRODUCT (PID, PType, PName, PPrice, PDescription, PQuantity) VALUES (28, 'Desktop', 'CoreTech Multimedia Desktop S8475', 595.4, 'Compact yet powerful CoreTech Multimedia Desktop S8475 that saves space without compromising performance. Features include customizable settings and extended warranty.', 67);
INSERT INTO PRODUCT (PID, PType, PName, PPrice, PDescription, PQuantity) VALUES (29, 'Accessory', 'Comptech Graphics Tablet S3128', 1918.43, 'Essential Comptech Graphics Tablet S3128 designed for maximum comfort and productivity. Features include fast connectivity and intuitive controls.', 35);
INSERT INTO PRODUCT (PID, PType, PName, PPrice, PDescription, PQuantity) VALUES (30, 'Accessory', 'ByteForce UPS Battery Backup Pro7837', 1078.24, 'Premium ByteForce UPS Battery Backup Pro7837 with ergonomic design for extended use. Features include noise reduction technology and automatic functionality.', 60);
INSERT INTO PRODUCT (PID, PType, PName, PPrice, PDescription, PQuantity) VALUES (31, 'Desktop', 'VertexSys Home PC Max1452', 229.46, 'Compact yet powerful VertexSys Home PC Max1452 that saves space without compromising performance. Features include energy efficiency and award-winning design.', 6);
INSERT INTO PRODUCT (PID, PType, PName, PPrice, PDescription, PQuantity) VALUES (32, 'Laptop', 'AlphaSys Premium Laptop Slim8237', 2381.04, 'Lightweight and portable AlphaSys Premium Laptop Slim8237 with all-day battery life. Features include customizable settings and award-winning design.', 39);
INSERT INTO PRODUCT (PID, PType, PName, PPrice, PDescription, PQuantity) VALUES (33, 'Printer', 'DigitalEdge 3D Printer Pro1442', 367.05, 'High-speed DigitalEdge 3D Printer Pro1442 with wireless connectivity for seamless printing. Features include customizable settings and award-winning design.', 56);
INSERT INTO PRODUCT (PID, PType, PName, PPrice, PDescription, PQuantity) VALUES (34, 'Printer', 'NexGen Label Printer X6478', 2656.86, 'Versatile NexGen Label Printer X6478 that handles multiple paper sizes and types. Features include compact design and extended warranty.', 7);
INSERT INTO PRODUCT (PID, PType, PName, PPrice, PDescription, PQuantity) VALUES (35, 'Desktop', 'PrimeWare Multimedia Desktop Ultra9945', 324.68, 'Sleek and powerful PrimeWare Multimedia Desktop Ultra9945 designed for professional environments. Features include customizable settings and award-winning design.', 72);
INSERT INTO PRODUCT (PID, PType, PName, PPrice, PDescription, PQuantity) VALUES (36, 'Accessory', 'NexGen Mechanical Keyboard Plus2438', 1234.89, 'Premium NexGen Mechanical Keyboard Plus2438 with ergonomic design for extended use. Features include customizable settings and premium materials.', 65);
INSERT INTO PRODUCT (PID, PType, PName, PPrice, PDescription, PQuantity) VALUES (37, 'Printer', 'EliteBook All-in-One Max6829', 1428.5, 'Compact EliteBook All-in-One Max6829 perfect for home offices with limited space. Features include energy efficiency and award-winning design.', 86);
INSERT INTO PRODUCT (PID, PType, PName, PPrice, PDescription, PQuantity) VALUES (38, 'Desktop', 'Comptech Compact Desktop Plus5188', 1185.6, 'Expandable Comptech Compact Desktop Plus5188 with multiple upgrade options for future-proofing your investment. Features include customizable settings and premium materials.', 61);
INSERT INTO PRODUCT (PID, PType, PName, PPrice, PDescription, PQuantity) VALUES (39, 'Desktop', 'DigitalEdge Office Workstation X4586', 691.94, 'Expandable DigitalEdge Office Workstation X4586 with multiple upgrade options for future-proofing your investment. Features include energy efficiency and intuitive controls.', 93);
INSERT INTO PRODUCT (PID, PType, PName, PPrice, PDescription, PQuantity) VALUES (40, 'Laptop', 'OmniComp Chromebook Slim9199', 521.57, 'Rugged OmniComp Chromebook Slim9199 built to withstand demanding environments. Features include customizable settings and award-winning design.', 21);
INSERT INTO PRODUCT (PID, PType, PName, PPrice, PDescription, PQuantity) VALUES (41, 'Desktop', 'OmniComp Professional Workstation Pro2886', 2108.51, 'High-performance OmniComp Professional Workstation Pro2886 with advanced cooling system for intensive tasks. Features include fast connectivity and automatic functionality.', 16);
INSERT INTO PRODUCT (PID, PType, PName, PPrice, PDescription, PQuantity) VALUES (42, 'Printer', 'PrimeWare Thermal Printer Max2967', 2834.76, 'Efficient PrimeWare Thermal Printer Max2967 with eco-friendly ink system that reduces waste. Features include fast connectivity and automatic functionality.', 90);
INSERT INTO PRODUCT (PID, PType, PName, PPrice, PDescription, PQuantity) VALUES (43, 'Desktop', 'TechPro Mini PC Elite262', 494.03, 'Compact yet powerful TechPro Mini PC Elite262 that saves space without compromising performance. Features include noise reduction technology and intuitive controls.', 82);
INSERT INTO PRODUCT (PID, PType, PName, PPrice, PDescription, PQuantity) VALUES (44, 'Printer', 'ByteForce Thermal Printer Elite8429', 2212.47, 'High-speed ByteForce Thermal Printer Elite8429 with wireless connectivity for seamless printing. Features include compact design and award-winning design.', 66);
INSERT INTO PRODUCT (PID, PType, PName, PPrice, PDescription, PQuantity) VALUES (45, 'Desktop', 'BlueChip All-in-One Plus469', 2382.1, 'Ultimate gaming experience with the BlueChip All-in-One Plus469, featuring customizable RGB lighting. Features include noise reduction technology and extended warranty.', 49);
INSERT INTO PRODUCT (PID, PType, PName, PPrice, PDescription, PQuantity) VALUES (46, 'Desktop', 'DataFlow Professional Workstation Max5601', 1653.1, 'Sleek and powerful DataFlow Professional Workstation Max5601 designed for professional environments. Features include fast connectivity and premium materials.', 85);
INSERT INTO PRODUCT (PID, PType, PName, PPrice, PDescription, PQuantity) VALUES (47, 'Desktop', 'NovaComp Compact Desktop Z9543', 1784.15, 'Compact yet powerful NovaComp Compact Desktop Z9543 that saves space without compromising performance. Features include compact design and premium materials.', 95);
INSERT INTO PRODUCT (PID, PType, PName, PPrice, PDescription, PQuantity) VALUES (48, 'Desktop', 'MegaByte Office Workstation Pro8782', 2044.42, 'High-performance MegaByte Office Workstation Pro8782 with advanced cooling system for intensive tasks. Features include fast connectivity and award-winning design.', 79);
INSERT INTO PRODUCT (PID, PType, PName, PPrice, PDescription, PQuantity) VALUES (49, 'Accessory', 'UniTech Webcam S540', 198.65, 'High-performance UniTech Webcam S540 built for professionals and enthusiasts. Features include noise reduction technology and intuitive controls.', 57);
INSERT INTO PRODUCT (PID, PType, PName, PPrice, PDescription, PQuantity) VALUES (50, 'Accessory', 'OmniComp Monitor Ultra5566', 2375.02, 'Premium OmniComp Monitor Ultra5566 with ergonomic design for extended use. Features include noise reduction technology and automatic functionality.', 75);
INSERT INTO PRODUCT (PID, PType, PName, PPrice, PDescription, PQuantity) VALUES (51, 'Accessory', 'NovaComp Mechanical Keyboard Ultra5152', 1514.34, 'Sleek and modern NovaComp Mechanical Keyboard Ultra5152 that complements any workspace. Features include noise reduction technology and intuitive controls.', 82);
INSERT INTO PRODUCT (PID, PType, PName, PPrice, PDescription, PQuantity) VALUES (52, 'Printer', 'Comptech 3D Printer S2138', 1196.14, 'High-speed Comptech 3D Printer S2138 with wireless connectivity for seamless printing. Features include energy efficiency and intuitive controls.', 57);
INSERT INTO PRODUCT (PID, PType, PName, PPrice, PDescription, PQuantity) VALUES (53, 'Laptop', 'BlueChip Ultrabook Elite6456', 1285.64, 'Rugged BlueChip Ultrabook Elite6456 built to withstand demanding environments. Features include compact design and award-winning design.', 65);
INSERT INTO PRODUCT (PID, PType, PName, PPrice, PDescription, PQuantity) VALUES (54, 'Laptop', 'OmniComp Ultrabook Pro9775', 2673.51, 'Lightweight and portable OmniComp Ultrabook Pro9775 with all-day battery life. Features include noise reduction technology and award-winning design.', 32);
INSERT INTO PRODUCT (PID, PType, PName, PPrice, PDescription, PQuantity) VALUES (55, 'Accessory', 'UniTech Monitor Slim1258', 2054.2, 'Sleek and modern UniTech Monitor Slim1258 that complements any workspace. Features include fast connectivity and award-winning design.', 32);
INSERT INTO PRODUCT (PID, PType, PName, PPrice, PDescription, PQuantity) VALUES (56, 'Accessory', 'CoreTech Speakers X8264', 2366.12, 'Sleek and modern CoreTech Speakers X8264 that complements any workspace. Features include compact design and extended warranty.', 18);
INSERT INTO PRODUCT (PID, PType, PName, PPrice, PDescription, PQuantity) VALUES (57, 'Laptop', 'FutureSys Chromebook Slim6958', 1480.45, 'Slim FutureSys Chromebook Slim6958 with military-grade durability and biometric security features. Features include customizable settings and award-winning design.', 69);
INSERT INTO PRODUCT (PID, PType, PName, PPrice, PDescription, PQuantity) VALUES (58, 'Printer', 'SilverStream Wide Format Elite6066', 2791.58, 'Versatile SilverStream Wide Format Elite6066 that handles multiple paper sizes and types. Features include energy efficiency and intuitive controls.', 16);
INSERT INTO PRODUCT (PID, PType, PName, PPrice, PDescription, PQuantity) VALUES (59, 'Desktop', 'DigitalEdge Compact Desktop Max4984', 1746.96, 'Compact yet powerful DigitalEdge Compact Desktop Max4984 that saves space without compromising performance. Features include compact design and intuitive controls.', 41);
INSERT INTO PRODUCT (PID, PType, PName, PPrice, PDescription, PQuantity) VALUES (60, 'Laptop', 'VertexSys 2-in-1 Convertible Ultra6812', 389.27, 'Lightweight and portable VertexSys 2-in-1 Convertible Ultra6812 with all-day battery life. Features include fast connectivity and intuitive controls.', 86);
INSERT INTO PRODUCT (PID, PType, PName, PPrice, PDescription, PQuantity) VALUES (61, 'Printer', 'NovaComp Portable Printer Plus5107', 910.31, 'High-speed NovaComp Portable Printer Plus5107 with wireless connectivity for seamless printing. Features include customizable settings and award-winning design.', 39);
INSERT INTO PRODUCT (PID, PType, PName, PPrice, PDescription, PQuantity) VALUES (62, 'Laptop', 'InnovateTech Premium Laptop Ultra5362', 2537.89, 'Lightweight and portable InnovateTech Premium Laptop Ultra5362 with all-day battery life. Features include customizable settings and extended warranty.', 12);
INSERT INTO PRODUCT (PID, PType, PName, PPrice, PDescription, PQuantity) VALUES (63, 'Accessory', 'TechPro Wireless Mouse Pro726', 432.89, 'Premium TechPro Wireless Mouse Pro726 with ergonomic design for extended use. Features include customizable settings and award-winning design.', 49);
INSERT INTO PRODUCT (PID, PType, PName, PPrice, PDescription, PQuantity) VALUES (64, 'Laptop', 'SilverStream Budget Laptop Plus4513', 1209.33, 'Rugged SilverStream Budget Laptop Plus4513 built to withstand demanding environments. Features include noise reduction technology and extended warranty.', 99);
INSERT INTO PRODUCT (PID, PType, PName, PPrice, PDescription, PQuantity) VALUES (65, 'Laptop', 'CrystalView Premium Laptop Elite1453', 907.7, 'Slim CrystalView Premium Laptop Elite1453 with military-grade durability and biometric security features. Features include fast connectivity and premium materials.', 29);
INSERT INTO PRODUCT (PID, PType, PName, PPrice, PDescription, PQuantity) VALUES (66, 'Printer', 'SilverStream 3D Printer Slim7471', 1350.21, 'High-speed SilverStream 3D Printer Slim7471 with wireless connectivity for seamless printing. Features include fast connectivity and premium materials.', 74);
INSERT INTO PRODUCT (PID, PType, PName, PPrice, PDescription, PQuantity) VALUES (67, 'Laptop', 'AlphaSys Chromebook Elite9833', 820.62, 'Slim AlphaSys Chromebook Elite9833 with military-grade durability and biometric security features. Features include fast connectivity and award-winning design.', 68);
INSERT INTO PRODUCT (PID, PType, PName, PPrice, PDescription, PQuantity) VALUES (68, 'Desktop', 'DigitalEdge Office Workstation X6241', 1733.67, 'Ultimate gaming experience with the DigitalEdge Office Workstation X6241, featuring customizable RGB lighting. Features include customizable settings and premium materials.', 100);
INSERT INTO PRODUCT (PID, PType, PName, PPrice, PDescription, PQuantity) VALUES (69, 'Laptop', 'FutureSys Gaming Laptop Max4203', 2016.25, 'Rugged FutureSys Gaming Laptop Max4203 built to withstand demanding environments. Features include customizable settings and premium materials.', 31);
INSERT INTO PRODUCT (PID, PType, PName, PPrice, PDescription, PQuantity) VALUES (70, 'Accessory', 'SilverStream Wireless Mouse Slim5558', 1590.06, 'High-performance SilverStream Wireless Mouse Slim5558 built for professionals and enthusiasts. Features include compact design and automatic functionality.', 73);
INSERT INTO PRODUCT (PID, PType, PName, PPrice, PDescription, PQuantity) VALUES (71, 'Accessory', 'ByteForce Laptop Cooling Pad Slim2963', 1831.73, 'High-performance ByteForce Laptop Cooling Pad Slim2963 built for professionals and enthusiasts. Features include energy efficiency and extended warranty.', 11);
INSERT INTO PRODUCT (PID, PType, PName, PPrice, PDescription, PQuantity) VALUES (72, 'Laptop', 'TitanWare Gaming Laptop X6479', 2937.34, 'Lightweight and portable TitanWare Gaming Laptop X6479 with all-day battery life. Features include fast connectivity and intuitive controls.', 98);
INSERT INTO PRODUCT (PID, PType, PName, PPrice, PDescription, PQuantity) VALUES (73, 'Accessory', 'DigitalEdge Monitor X2109', 426.87, 'Durable DigitalEdge Monitor X2109 with advanced features for everyday use. Features include compact design and premium materials.', 60);
INSERT INTO PRODUCT (PID, PType, PName, PPrice, PDescription, PQuantity) VALUES (74, 'Desktop', 'UniTech Professional Workstation Max5914', 2509.7, 'Sleek and powerful UniTech Professional Workstation Max5914 designed for professional environments. Features include noise reduction technology and extended warranty.', 47);
INSERT INTO PRODUCT (PID, PType, PName, PPrice, PDescription, PQuantity) VALUES (75, 'Desktop', 'OmniComp Mini PC Ultra3764', 525.47, 'Compact yet powerful OmniComp Mini PC Ultra3764 that saves space without compromising performance. Features include customizable settings and extended warranty.', 48);
INSERT INTO PRODUCT (PID, PType, PName, PPrice, PDescription, PQuantity) VALUES (76, 'Laptop', 'OmniComp Student Laptop X8192', 2964.82, 'Lightweight and portable OmniComp Student Laptop X8192 with all-day battery life. Features include fast connectivity and premium materials.', 23);
INSERT INTO PRODUCT (PID, PType, PName, PPrice, PDescription, PQuantity) VALUES (77, 'Desktop', 'ByteForce Compact Desktop Z5928', 2670.63, 'Ultimate gaming experience with the ByteForce Compact Desktop Z5928, featuring customizable RGB lighting. Features include energy efficiency and extended warranty.', 22);
INSERT INTO PRODUCT (PID, PType, PName, PPrice, PDescription, PQuantity) VALUES (78, 'Accessory', 'TechPro Surge Protector Plus8848', 536.75, 'Essential TechPro Surge Protector Plus8848 designed for maximum comfort and productivity. Features include noise reduction technology and automatic functionality.', 47);
INSERT INTO PRODUCT (PID, PType, PName, PPrice, PDescription, PQuantity) VALUES (79, 'Printer', 'NexGen Label Printer Plus5240', 2380.55, 'Compact NexGen Label Printer Plus5240 perfect for home offices with limited space. Features include compact design and intuitive controls.', 99);
INSERT INTO PRODUCT (PID, PType, PName, PPrice, PDescription, PQuantity) VALUES (80, 'Desktop', 'EliteBook Professional Workstation Plus3245', 2840.3, 'Expandable EliteBook Professional Workstation Plus3245 with multiple upgrade options for future-proofing your investment. Features include noise reduction technology and automatic functionality.', 97);
INSERT INTO PRODUCT (PID, PType, PName, PPrice, PDescription, PQuantity) VALUES (81, 'Desktop', 'NovaComp Gaming PC Plus738', 2209.66, 'Compact yet powerful NovaComp Gaming PC Plus738 that saves space without compromising performance. Features include noise reduction technology and intuitive controls.', 59);
INSERT INTO PRODUCT (PID, PType, PName, PPrice, PDescription, PQuantity) VALUES (82, 'Desktop', 'NexGen Design Station Z7795', 2826.1, 'High-performance NexGen Design Station Z7795 with advanced cooling system for intensive tasks. Features include customizable settings and award-winning design.', 15);
INSERT INTO PRODUCT (PID, PType, PName, PPrice, PDescription, PQuantity) VALUES (83, 'Desktop', 'QuantumTech Office Workstation X6282', 116.19, 'Ultimate gaming experience with the QuantumTech Office Workstation X6282, featuring customizable RGB lighting. Features include fast connectivity and extended warranty.', 18);
INSERT INTO PRODUCT (PID, PType, PName, PPrice, PDescription, PQuantity) VALUES (84, 'Accessory', 'NovaComp Speakers Max3787', 465.61, 'Premium NovaComp Speakers Max3787 with ergonomic design for extended use. Features include customizable settings and extended warranty.', 86);
INSERT INTO PRODUCT (PID, PType, PName, PPrice, PDescription, PQuantity) VALUES (85, 'Printer', 'OmniComp Thermal Printer Pro6839', 2375.27, 'Versatile OmniComp Thermal Printer Pro6839 that handles multiple paper sizes and types. Features include fast connectivity and premium materials.', 28);
INSERT INTO PRODUCT (PID, PType, PName, PPrice, PDescription, PQuantity) VALUES (86, 'Accessory', 'BlueChip Mechanical Keyboard X6353', 655.38, 'Durable BlueChip Mechanical Keyboard X6353 with advanced features for everyday use. Features include compact design and award-winning design.', 36);
INSERT INTO PRODUCT (PID, PType, PName, PPrice, PDescription, PQuantity) VALUES (87, 'Desktop', 'ByteForce Gaming PC Pro7474', 2873.78, 'Sleek and powerful ByteForce Gaming PC Pro7474 designed for professional environments. Features include compact design and intuitive controls.', 8);
INSERT INTO PRODUCT (PID, PType, PName, PPrice, PDescription, PQuantity) VALUES (88, 'Desktop', 'SilverStream Business Desktop Z7069', 1678.14, 'High-performance SilverStream Business Desktop Z7069 with advanced cooling system for intensive tasks. Features include noise reduction technology and premium materials.', 60);
INSERT INTO PRODUCT (PID, PType, PName, PPrice, PDescription, PQuantity) VALUES (89, 'Printer', 'NovaComp Monochrome Laser Z835', 2023.29, 'Versatile NovaComp Monochrome Laser Z835 that handles multiple paper sizes and types. Features include compact design and award-winning design.', 59);
INSERT INTO PRODUCT (PID, PType, PName, PPrice, PDescription, PQuantity) VALUES (90, 'Desktop', 'UniTech Mini PC Slim1846', 1675.05, 'Ultimate gaming experience with the UniTech Mini PC Slim1846, featuring customizable RGB lighting. Features include noise reduction technology and award-winning design.', 54);
INSERT INTO PRODUCT (PID, PType, PName, PPrice, PDescription, PQuantity) VALUES (91, 'Laptop', 'EliteBook Premium Laptop Slim5518', 226.24, 'Rugged EliteBook Premium Laptop Slim5518 built to withstand demanding environments. Features include compact design and premium materials.', 81);
INSERT INTO PRODUCT (PID, PType, PName, PPrice, PDescription, PQuantity) VALUES (92, 'Accessory', 'SilverStream Laptop Cooling Pad Slim3688', 1502.93, 'Durable SilverStream Laptop Cooling Pad Slim3688 with advanced features for everyday use. Features include noise reduction technology and award-winning design.', 72);
INSERT INTO PRODUCT (PID, PType, PName, PPrice, PDescription, PQuantity) VALUES (93, 'Laptop', 'EliteBook Student Laptop Max1558', 1908.32, 'Slim EliteBook Student Laptop Max1558 with military-grade durability and biometric security features. Features include compact design and award-winning design.', 7);
INSERT INTO PRODUCT (PID, PType, PName, PPrice, PDescription, PQuantity) VALUES (94, 'Printer', 'DataFlow Wide Format S8969', 1200.59, 'Compact DataFlow Wide Format S8969 perfect for home offices with limited space. Features include customizable settings and premium materials.', 72);
INSERT INTO PRODUCT (PID, PType, PName, PPrice, PDescription, PQuantity) VALUES (95, 'Laptop', 'NexGen Ultrabook Pro5375', 523.34, 'Versatile NexGen Ultrabook Pro5375 with touchscreen capabilities for enhanced productivity. Features include energy efficiency and automatic functionality.', 96);
INSERT INTO PRODUCT (PID, PType, PName, PPrice, PDescription, PQuantity) VALUES (96, 'Desktop', 'DigitalEdge Business Desktop S8339', 2438.44, 'Compact yet powerful DigitalEdge Business Desktop S8339 that saves space without compromising performance. Features include energy efficiency and intuitive controls.', 66);
INSERT INTO PRODUCT (PID, PType, PName, PPrice, PDescription, PQuantity) VALUES (97, 'Desktop', 'SilverStream Design Station Ultra1343', 566.9, 'Expandable SilverStream Design Station Ultra1343 with multiple upgrade options for future-proofing your investment. Features include energy efficiency and award-winning design.', 67);
INSERT INTO PRODUCT (PID, PType, PName, PPrice, PDescription, PQuantity) VALUES (98, 'Laptop', 'MegaByte Student Laptop Ultra6886', 1550.16, 'Lightweight and portable MegaByte Student Laptop Ultra6886 with all-day battery life. Features include compact design and award-winning design.', 84);
INSERT INTO PRODUCT (PID, PType, PName, PPrice, PDescription, PQuantity) VALUES (99, 'Desktop', 'BlueChip Office Workstation Elite6775', 292.7, 'Sleek and powerful BlueChip Office Workstation Elite6775 designed for professional environments. Features include energy efficiency and intuitive controls.', 75);
INSERT INTO PRODUCT (PID, PType, PName, PPrice, PDescription, PQuantity) VALUES (100, 'Accessory', 'Comptech Monitor Ultra6768', 1061.62, 'Sleek and modern Comptech Monitor Ultra6768 that complements any workspace. Features include energy efficiency and automatic functionality.', 84);

-- Insert COMPUTER data
INSERT INTO COMPUTER (PID, CPUType) VALUES (2, 'Intel i3');
INSERT INTO COMPUTER (PID, CPUType) VALUES (6, 'AMD Ryzen 9');
INSERT INTO COMPUTER (PID, CPUType) VALUES (8, 'AMD Ryzen 5');
INSERT INTO COMPUTER (PID, CPUType) VALUES (9, 'AMD Ryzen 5');
INSERT INTO COMPUTER (PID, CPUType) VALUES (11, 'AMD Ryzen 5');
INSERT INTO COMPUTER (PID, CPUType) VALUES (14, 'Intel i3');
INSERT INTO COMPUTER (PID, CPUType) VALUES (15, 'AMD Ryzen 7');
INSERT INTO COMPUTER (PID, CPUType) VALUES (16, 'AMD Ryzen 5');
INSERT INTO COMPUTER (PID, CPUType) VALUES (19, 'AMD Ryzen 5');
INSERT INTO COMPUTER (PID, CPUType) VALUES (20, 'Intel i7');
INSERT INTO COMPUTER (PID, CPUType) VALUES (21, 'AMD Ryzen 7');
INSERT INTO COMPUTER (PID, CPUType) VALUES (23, 'Intel i5');
INSERT INTO COMPUTER (PID, CPUType) VALUES (24, 'Intel i7');
INSERT INTO COMPUTER (PID, CPUType) VALUES (27, 'AMD Ryzen 5');
INSERT INTO COMPUTER (PID, CPUType) VALUES (28, 'AMD Ryzen 7');
INSERT INTO COMPUTER (PID, CPUType) VALUES (31, 'AMD Ryzen 5');
INSERT INTO COMPUTER (PID, CPUType) VALUES (32, 'Intel i3');
INSERT INTO COMPUTER (PID, CPUType) VALUES (35, 'Intel i5');
INSERT INTO COMPUTER (PID, CPUType) VALUES (38, 'Intel i9');
INSERT INTO COMPUTER (PID, CPUType) VALUES (39, 'Intel i9');
INSERT INTO COMPUTER (PID, CPUType) VALUES (40, 'Intel i9');
INSERT INTO COMPUTER (PID, CPUType) VALUES (41, 'Intel i3');
INSERT INTO COMPUTER (PID, CPUType) VALUES (43, 'AMD Ryzen 9');
INSERT INTO COMPUTER (PID, CPUType) VALUES (45, 'Intel i3');
INSERT INTO COMPUTER (PID, CPUType) VALUES (46, 'AMD Ryzen 5');
INSERT INTO COMPUTER (PID, CPUType) VALUES (47, 'AMD Ryzen 5');
INSERT INTO COMPUTER (PID, CPUType) VALUES (48, 'AMD Ryzen 9');
INSERT INTO COMPUTER (PID, CPUType) VALUES (53, 'AMD Ryzen 7');
INSERT INTO COMPUTER (PID, CPUType) VALUES (54, 'Intel i5');
INSERT INTO COMPUTER (PID, CPUType) VALUES (57, 'Intel i5');
INSERT INTO COMPUTER (PID, CPUType) VALUES (59, 'AMD Ryzen 9');
INSERT INTO COMPUTER (PID, CPUType) VALUES (60, 'Intel i7');
INSERT INTO COMPUTER (PID, CPUType) VALUES (62, 'Intel i9');
INSERT INTO COMPUTER (PID, CPUType) VALUES (64, 'AMD Ryzen 9');
INSERT INTO COMPUTER (PID, CPUType) VALUES (65, 'Intel i5');
INSERT INTO COMPUTER (PID, CPUType) VALUES (67, 'AMD Ryzen 7');
INSERT INTO COMPUTER (PID, CPUType) VALUES (68, 'AMD Ryzen 9');
INSERT INTO COMPUTER (PID, CPUType) VALUES (69, 'AMD Ryzen 9');
INSERT INTO COMPUTER (PID, CPUType) VALUES (72, 'AMD Ryzen 5');
INSERT INTO COMPUTER (PID, CPUType) VALUES (74, 'Intel i5');
INSERT INTO COMPUTER (PID, CPUType) VALUES (75, 'Intel i7');
INSERT INTO COMPUTER (PID, CPUType) VALUES (76, 'Intel i5');
INSERT INTO COMPUTER (PID, CPUType) VALUES (77, 'Intel i3');
INSERT INTO COMPUTER (PID, CPUType) VALUES (80, 'Intel i7');
INSERT INTO COMPUTER (PID, CPUType) VALUES (81, 'AMD Ryzen 9');
INSERT INTO COMPUTER (PID, CPUType) VALUES (82, 'Intel i7');
INSERT INTO COMPUTER (PID, CPUType) VALUES (83, 'Intel i3');
INSERT INTO COMPUTER (PID, CPUType) VALUES (87, 'AMD Ryzen 7');
INSERT INTO COMPUTER (PID, CPUType) VALUES (88, 'Intel i9');
INSERT INTO COMPUTER (PID, CPUType) VALUES (90, 'AMD Ryzen 9');
INSERT INTO COMPUTER (PID, CPUType) VALUES (91, 'AMD Ryzen 7');
INSERT INTO COMPUTER (PID, CPUType) VALUES (93, 'Intel i9');
INSERT INTO COMPUTER (PID, CPUType) VALUES (95, 'Intel i3');
INSERT INTO COMPUTER (PID, CPUType) VALUES (96, 'Intel i3');
INSERT INTO COMPUTER (PID, CPUType) VALUES (97, 'Intel i9');
INSERT INTO COMPUTER (PID, CPUType) VALUES (98, 'Intel i3');
INSERT INTO COMPUTER (PID, CPUType) VALUES (99, 'Intel i9');

-- Insert PRINTER data
INSERT INTO PRINTER (PID, PrinterType, Resolution) VALUES (1, '3D', '1200x1200 dpi');
INSERT INTO PRINTER (PID, PrinterType, Resolution) VALUES (3, 'All-in-One', '2400x1200 dpi');
INSERT INTO PRINTER (PID, PrinterType, Resolution) VALUES (7, 'Inkjet', '4800x1200 dpi');
INSERT INTO PRINTER (PID, PrinterType, Resolution) VALUES (12, 'Laser', '2400x1200 dpi');
INSERT INTO PRINTER (PID, PrinterType, Resolution) VALUES (13, '3D', '1200x1200 dpi');
INSERT INTO PRINTER (PID, PrinterType, Resolution) VALUES (17, 'Inkjet', '4800x1200 dpi');
INSERT INTO PRINTER (PID, PrinterType, Resolution) VALUES (22, 'All-in-One', '2400x1200 dpi');
INSERT INTO PRINTER (PID, PrinterType, Resolution) VALUES (25, '3D', '1200x1200 dpi');
INSERT INTO PRINTER (PID, PrinterType, Resolution) VALUES (33, '3D', '4800x1200 dpi');
INSERT INTO PRINTER (PID, PrinterType, Resolution) VALUES (34, 'All-in-One', '2400x1200 dpi');
INSERT INTO PRINTER (PID, PrinterType, Resolution) VALUES (37, 'All-in-One', '4800x1200 dpi');
INSERT INTO PRINTER (PID, PrinterType, Resolution) VALUES (42, 'Laser', '1200x1200 dpi');
INSERT INTO PRINTER (PID, PrinterType, Resolution) VALUES (44, 'Laser', '4800x1200 dpi');
INSERT INTO PRINTER (PID, PrinterType, Resolution) VALUES (52, 'All-in-One', '2400x1200 dpi');
INSERT INTO PRINTER (PID, PrinterType, Resolution) VALUES (58, 'Laser', '600x600 dpi');
INSERT INTO PRINTER (PID, PrinterType, Resolution) VALUES (61, 'Inkjet', '1200x1200 dpi');
INSERT INTO PRINTER (PID, PrinterType, Resolution) VALUES (66, 'Laser', '4800x1200 dpi');
INSERT INTO PRINTER (PID, PrinterType, Resolution) VALUES (79, 'Inkjet', '600x600 dpi');
INSERT INTO PRINTER (PID, PrinterType, Resolution) VALUES (85, 'All-in-One', '4800x1200 dpi');
INSERT INTO PRINTER (PID, PrinterType, Resolution) VALUES (89, 'Laser', '600x600 dpi');
INSERT INTO PRINTER (PID, PrinterType, Resolution) VALUES (94, 'Inkjet', '4800x1200 dpi');

-- Insert LAPTOP data
INSERT INTO LAPTOP (PID, BType, Weight) VALUES (6, 'Lithium Ion', 2.15);
INSERT INTO LAPTOP (PID, BType, Weight) VALUES (8, 'Nickel Cadmium', 1.77);
INSERT INTO LAPTOP (PID, BType, Weight) VALUES (9, 'Nickel Cadmium', 2.56);
INSERT INTO LAPTOP (PID, BType, Weight) VALUES (14, 'Lithium Polymer', 2.28);
INSERT INTO LAPTOP (PID, BType, Weight) VALUES (15, 'Nickel Cadmium', 3.09);
INSERT INTO LAPTOP (PID, BType, Weight) VALUES (19, 'Lithium Ion', 1.16);
INSERT INTO LAPTOP (PID, BType, Weight) VALUES (20, 'Nickel Cadmium', 3.02);
INSERT INTO LAPTOP (PID, BType, Weight) VALUES (21, 'Lithium Polymer', 1.39);
INSERT INTO LAPTOP (PID, BType, Weight) VALUES (24, 'Lithium Ion', 1.96);
INSERT INTO LAPTOP (PID, BType, Weight) VALUES (32, 'Nickel Cadmium', 1.07);
INSERT INTO LAPTOP (PID, BType, Weight) VALUES (40, 'Nickel Cadmium', 3.06);
INSERT INTO LAPTOP (PID, BType, Weight) VALUES (53, 'Lithium Polymer', 1.82);
INSERT INTO LAPTOP (PID, BType, Weight) VALUES (54, 'Nickel Cadmium', 1.27);
INSERT INTO LAPTOP (PID, BType, Weight) VALUES (57, 'Lithium Polymer', 2.06);
INSERT INTO LAPTOP (PID, BType, Weight) VALUES (60, 'Lithium Ion', 0.81);
INSERT INTO LAPTOP (PID, BType, Weight) VALUES (62, 'Nickel Cadmium', 1.03);
INSERT INTO LAPTOP (PID, BType, Weight) VALUES (64, 'Lithium Polymer', 2.47);
INSERT INTO LAPTOP (PID, BType, Weight) VALUES (65, 'Nickel Cadmium', 2.9);
INSERT INTO LAPTOP (PID, BType, Weight) VALUES (67, 'Lithium Ion', 2.22);
INSERT INTO LAPTOP (PID, BType, Weight) VALUES (69, 'Lithium Ion', 3.36);
INSERT INTO LAPTOP (PID, BType, Weight) VALUES (72, 'Nickel Cadmium', 1.99);
INSERT INTO LAPTOP (PID, BType, Weight) VALUES (76, 'Lithium Ion', 1.42);
INSERT INTO LAPTOP (PID, BType, Weight) VALUES (91, 'Lithium Ion', 1.55);
INSERT INTO LAPTOP (PID, BType, Weight) VALUES (93, 'Nickel Cadmium', 3.05);
INSERT INTO LAPTOP (PID, BType, Weight) VALUES (95, 'Nickel Cadmium', 2.06);
INSERT INTO LAPTOP (PID, BType, Weight) VALUES (98, 'Lithium Polymer', 1.56);

-- Insert OFFER_PRODUCT data
INSERT INTO OFFER_PRODUCT (PID, OfferPrice) VALUES (100, 955.46);
INSERT INTO OFFER_PRODUCT (PID, OfferPrice) VALUES (64, 1027.93);
INSERT INTO OFFER_PRODUCT (PID, OfferPrice) VALUES (20, 406.47);
INSERT INTO OFFER_PRODUCT (PID, OfferPrice) VALUES (70, 1335.65);
INSERT INTO OFFER_PRODUCT (PID, OfferPrice) VALUES (30, 916.5);
INSERT INTO OFFER_PRODUCT (PID, OfferPrice) VALUES (82, 2006.53);
INSERT INTO OFFER_PRODUCT (PID, OfferPrice) VALUES (28, 440.6);
INSERT INTO OFFER_PRODUCT (PID, OfferPrice) VALUES (34, 2284.9);
INSERT INTO OFFER_PRODUCT (PID, OfferPrice) VALUES (93, 1412.16);
INSERT INTO OFFER_PRODUCT (PID, OfferPrice) VALUES (21, 1442.32);
INSERT INTO OFFER_PRODUCT (PID, OfferPrice) VALUES (86, 557.07);
INSERT INTO OFFER_PRODUCT (PID, OfferPrice) VALUES (81, 1635.15);
INSERT INTO OFFER_PRODUCT (PID, OfferPrice) VALUES (84, 386.46);
INSERT INTO OFFER_PRODUCT (PID, OfferPrice) VALUES (26, 958.17);
INSERT INTO OFFER_PRODUCT (PID, OfferPrice) VALUES (68, 1473.62);
INSERT INTO OFFER_PRODUCT (PID, OfferPrice) VALUES (90, 1273.04);
INSERT INTO OFFER_PRODUCT (PID, OfferPrice) VALUES (75, 436.14);
INSERT INTO OFFER_PRODUCT (PID, OfferPrice) VALUES (45, 1905.68);
INSERT INTO OFFER_PRODUCT (PID, OfferPrice) VALUES (36, 1000.26);
INSERT INTO OFFER_PRODUCT (PID, OfferPrice) VALUES (95, 455.31);

-- Insert BASKET data
INSERT INTO BASKET (BID, CID) VALUES (1, 47);
INSERT INTO BASKET (BID, CID) VALUES (2, 44);
INSERT INTO BASKET (BID, CID) VALUES (3, 1);
INSERT INTO BASKET (BID, CID) VALUES (4, 37);
INSERT INTO BASKET (BID, CID) VALUES (5, 43);
INSERT INTO BASKET (BID, CID) VALUES (6, 13);
INSERT INTO BASKET (BID, CID) VALUES (7, 44);
INSERT INTO BASKET (BID, CID) VALUES (8, 47);
INSERT INTO BASKET (BID, CID) VALUES (9, 22);
INSERT INTO BASKET (BID, CID) VALUES (10, 37);
INSERT INTO BASKET (BID, CID) VALUES (11, 15);
INSERT INTO BASKET (BID, CID) VALUES (12, 26);
INSERT INTO BASKET (BID, CID) VALUES (13, 33);
INSERT INTO BASKET (BID, CID) VALUES (14, 31);
INSERT INTO BASKET (BID, CID) VALUES (15, 33);
INSERT INTO BASKET (BID, CID) VALUES (16, 40);
INSERT INTO BASKET (BID, CID) VALUES (17, 39);
INSERT INTO BASKET (BID, CID) VALUES (18, 23);
INSERT INTO BASKET (BID, CID) VALUES (19, 31);
INSERT INTO BASKET (BID, CID) VALUES (20, 14);
INSERT INTO BASKET (BID, CID) VALUES (21, 43);
INSERT INTO BASKET (BID, CID) VALUES (22, 6);
INSERT INTO BASKET (BID, CID) VALUES (23, 37);
INSERT INTO BASKET (BID, CID) VALUES (24, 13);
INSERT INTO BASKET (BID, CID) VALUES (25, 3);
INSERT INTO BASKET (BID, CID) VALUES (26, 6);
INSERT INTO BASKET (BID, CID) VALUES (27, 21);
INSERT INTO BASKET (BID, CID) VALUES (28, 40);
INSERT INTO BASKET (BID, CID) VALUES (29, 25);
INSERT INTO BASKET (BID, CID) VALUES (30, 21);
INSERT INTO BASKET (BID, CID) VALUES (31, 9);
INSERT INTO BASKET (BID, CID) VALUES (32, 45);
INSERT INTO BASKET (BID, CID) VALUES (33, 42);
INSERT INTO BASKET (BID, CID) VALUES (34, 13);
INSERT INTO BASKET (BID, CID) VALUES (35, 34);
INSERT INTO BASKET (BID, CID) VALUES (36, 23);
INSERT INTO BASKET (BID, CID) VALUES (37, 7);
INSERT INTO BASKET (BID, CID) VALUES (38, 21);
INSERT INTO BASKET (BID, CID) VALUES (39, 31);
INSERT INTO BASKET (BID, CID) VALUES (40, 31);
INSERT INTO BASKET (BID, CID) VALUES (41, 15);
INSERT INTO BASKET (BID, CID) VALUES (42, 17);
INSERT INTO BASKET (BID, CID) VALUES (43, 44);
INSERT INTO BASKET (BID, CID) VALUES (44, 5);
INSERT INTO BASKET (BID, CID) VALUES (45, 41);
INSERT INTO BASKET (BID, CID) VALUES (46, 1);
INSERT INTO BASKET (BID, CID) VALUES (47, 32);
INSERT INTO BASKET (BID, CID) VALUES (48, 27);
INSERT INTO BASKET (BID, CID) VALUES (49, 29);
INSERT INTO BASKET (BID, CID) VALUES (50, 20);
INSERT INTO BASKET (BID, CID) VALUES (51, 26);
INSERT INTO BASKET (BID, CID) VALUES (52, 36);
INSERT INTO BASKET (BID, CID) VALUES (53, 49);
INSERT INTO BASKET (BID, CID) VALUES (54, 22);
INSERT INTO BASKET (BID, CID) VALUES (55, 2);
INSERT INTO BASKET (BID, CID) VALUES (56, 10);
INSERT INTO BASKET (BID, CID) VALUES (57, 3);
INSERT INTO BASKET (BID, CID) VALUES (58, 12);
INSERT INTO BASKET (BID, CID) VALUES (59, 38);
INSERT INTO BASKET (BID, CID) VALUES (60, 26);
INSERT INTO BASKET (BID, CID) VALUES (61, 16);
INSERT INTO BASKET (BID, CID) VALUES (62, 2);
INSERT INTO BASKET (BID, CID) VALUES (63, 31);
INSERT INTO BASKET (BID, CID) VALUES (64, 22);
INSERT INTO BASKET (BID, CID) VALUES (65, 13);
INSERT INTO BASKET (BID, CID) VALUES (66, 32);
INSERT INTO BASKET (BID, CID) VALUES (67, 20);
INSERT INTO BASKET (BID, CID) VALUES (68, 8);
INSERT INTO BASKET (BID, CID) VALUES (69, 22);
INSERT INTO BASKET (BID, CID) VALUES (70, 49);

-- Insert APPEARS_IN data
INSERT INTO APPEARS_IN (BID, PID, Quantity, PriceSold) VALUES (1, 14, 3, 1458.23);
INSERT INTO APPEARS_IN (BID, PID, Quantity, PriceSold) VALUES (1, 11, 2, 954.64);
INSERT INTO APPEARS_IN (BID, PID, Quantity, PriceSold) VALUES (1, 8, 2, 1583.18);
INSERT INTO APPEARS_IN (BID, PID, Quantity, PriceSold) VALUES (1, 18, 1, 2072.24);
INSERT INTO APPEARS_IN (BID, PID, Quantity, PriceSold) VALUES (1, 9, 1, 2391.83);
INSERT INTO APPEARS_IN (BID, PID, Quantity, PriceSold) VALUES (2, 99, 2, 279.29);
INSERT INTO APPEARS_IN (BID, PID, Quantity, PriceSold) VALUES (2, 9, 2, 2484.4);
INSERT INTO APPEARS_IN (BID, PID, Quantity, PriceSold) VALUES (3, 39, 1, 654.47);
INSERT INTO APPEARS_IN (BID, PID, Quantity, PriceSold) VALUES (4, 83, 3, 117.01);
INSERT INTO APPEARS_IN (BID, PID, Quantity, PriceSold) VALUES (5, 51, 3, 1408.24);
INSERT INTO APPEARS_IN (BID, PID, Quantity, PriceSold) VALUES (5, 47, 2, 1669.19);
INSERT INTO APPEARS_IN (BID, PID, Quantity, PriceSold) VALUES (6, 17, 3, 1980.52);
INSERT INTO APPEARS_IN (BID, PID, Quantity, PriceSold) VALUES (6, 26, 3, 1154.79);
INSERT INTO APPEARS_IN (BID, PID, Quantity, PriceSold) VALUES (6, 95, 1, 547.49);
INSERT INTO APPEARS_IN (BID, PID, Quantity, PriceSold) VALUES (7, 45, 3, 2334.3);
INSERT INTO APPEARS_IN (BID, PID, Quantity, PriceSold) VALUES (7, 6, 1, 1378.85);
INSERT INTO APPEARS_IN (BID, PID, Quantity, PriceSold) VALUES (7, 87, 3, 2894.03);
INSERT INTO APPEARS_IN (BID, PID, Quantity, PriceSold) VALUES (8, 8, 1, 1570.22);
INSERT INTO APPEARS_IN (BID, PID, Quantity, PriceSold) VALUES (8, 41, 3, 2315.23);
INSERT INTO APPEARS_IN (BID, PID, Quantity, PriceSold) VALUES (9, 19, 3, 1984.6);
INSERT INTO APPEARS_IN (BID, PID, Quantity, PriceSold) VALUES (9, 65, 3, 965.87);
INSERT INTO APPEARS_IN (BID, PID, Quantity, PriceSold) VALUES (10, 26, 1, 1230.83);
INSERT INTO APPEARS_IN (BID, PID, Quantity, PriceSold) VALUES (10, 47, 3, 1694.37);
INSERT INTO APPEARS_IN (BID, PID, Quantity, PriceSold) VALUES (10, 30, 1, 992.02);
INSERT INTO APPEARS_IN (BID, PID, Quantity, PriceSold) VALUES (11, 96, 3, 2205.97);
INSERT INTO APPEARS_IN (BID, PID, Quantity, PriceSold) VALUES (12, 89, 1, 1890.23);
INSERT INTO APPEARS_IN (BID, PID, Quantity, PriceSold) VALUES (12, 41, 1, 2180.29);
INSERT INTO APPEARS_IN (BID, PID, Quantity, PriceSold) VALUES (12, 56, 2, 2196.89);
INSERT INTO APPEARS_IN (BID, PID, Quantity, PriceSold) VALUES (13, 20, 2, 529.36);
INSERT INTO APPEARS_IN (BID, PID, Quantity, PriceSold) VALUES (13, 37, 1, 1370.0);
INSERT INTO APPEARS_IN (BID, PID, Quantity, PriceSold) VALUES (13, 63, 3, 452.6);
INSERT INTO APPEARS_IN (BID, PID, Quantity, PriceSold) VALUES (14, 96, 2, 2672.38);
INSERT INTO APPEARS_IN (BID, PID, Quantity, PriceSold) VALUES (14, 52, 2, 1183.19);
INSERT INTO APPEARS_IN (BID, PID, Quantity, PriceSold) VALUES (15, 21, 1, 1558.48);
INSERT INTO APPEARS_IN (BID, PID, Quantity, PriceSold) VALUES (16, 2, 2, 1531.97);
INSERT INTO APPEARS_IN (BID, PID, Quantity, PriceSold) VALUES (16, 7, 3, 995.65);
INSERT INTO APPEARS_IN (BID, PID, Quantity, PriceSold) VALUES (16, 47, 1, 1869.59);
INSERT INTO APPEARS_IN (BID, PID, Quantity, PriceSold) VALUES (16, 14, 1, 1336.49);
INSERT INTO APPEARS_IN (BID, PID, Quantity, PriceSold) VALUES (17, 64, 2, 1243.39);
INSERT INTO APPEARS_IN (BID, PID, Quantity, PriceSold) VALUES (17, 63, 1, 436.8);
INSERT INTO APPEARS_IN (BID, PID, Quantity, PriceSold) VALUES (17, 25, 1, 2989.66);
INSERT INTO APPEARS_IN (BID, PID, Quantity, PriceSold) VALUES (18, 31, 2, 215.85);
INSERT INTO APPEARS_IN (BID, PID, Quantity, PriceSold) VALUES (19, 27, 1, 1240.31);
INSERT INTO APPEARS_IN (BID, PID, Quantity, PriceSold) VALUES (19, 60, 1, 390.98);
INSERT INTO APPEARS_IN (BID, PID, Quantity, PriceSold) VALUES (20, 87, 3, 3150.76);
INSERT INTO APPEARS_IN (BID, PID, Quantity, PriceSold) VALUES (20, 9, 3, 2443.31);
INSERT INTO APPEARS_IN (BID, PID, Quantity, PriceSold) VALUES (20, 57, 2, 1468.87);
INSERT INTO APPEARS_IN (BID, PID, Quantity, PriceSold) VALUES (21, 42, 3, 2816.39);
INSERT INTO APPEARS_IN (BID, PID, Quantity, PriceSold) VALUES (22, 36, 2, 1282.4);
INSERT INTO APPEARS_IN (BID, PID, Quantity, PriceSold) VALUES (22, 85, 1, 2202.7);
INSERT INTO APPEARS_IN (BID, PID, Quantity, PriceSold) VALUES (23, 40, 3, 477.42);
INSERT INTO APPEARS_IN (BID, PID, Quantity, PriceSold) VALUES (23, 80, 1, 2599.82);
INSERT INTO APPEARS_IN (BID, PID, Quantity, PriceSold) VALUES (24, 50, 1, 2401.59);
INSERT INTO APPEARS_IN (BID, PID, Quantity, PriceSold) VALUES (24, 20, 1, 532.89);
INSERT INTO APPEARS_IN (BID, PID, Quantity, PriceSold) VALUES (24, 68, 3, 1765.58);
INSERT INTO APPEARS_IN (BID, PID, Quantity, PriceSold) VALUES (24, 4, 2, 2978.2);
INSERT INTO APPEARS_IN (BID, PID, Quantity, PriceSold) VALUES (25, 12, 2, 880.74);
INSERT INTO APPEARS_IN (BID, PID, Quantity, PriceSold) VALUES (25, 78, 3, 512.9);
INSERT INTO APPEARS_IN (BID, PID, Quantity, PriceSold) VALUES (25, 32, 1, 2528.4);
INSERT INTO APPEARS_IN (BID, PID, Quantity, PriceSold) VALUES (25, 68, 3, 1736.45);
INSERT INTO APPEARS_IN (BID, PID, Quantity, PriceSold) VALUES (25, 42, 1, 2878.71);
INSERT INTO APPEARS_IN (BID, PID, Quantity, PriceSold) VALUES (26, 16, 1, 167.76);
INSERT INTO APPEARS_IN (BID, PID, Quantity, PriceSold) VALUES (27, 66, 1, 1448.59);
INSERT INTO APPEARS_IN (BID, PID, Quantity, PriceSold) VALUES (27, 94, 2, 1196.0);
INSERT INTO APPEARS_IN (BID, PID, Quantity, PriceSold) VALUES (28, 3, 1, 1654.49);
INSERT INTO APPEARS_IN (BID, PID, Quantity, PriceSold) VALUES (28, 84, 1, 427.47);
INSERT INTO APPEARS_IN (BID, PID, Quantity, PriceSold) VALUES (28, 9, 2, 2406.95);
INSERT INTO APPEARS_IN (BID, PID, Quantity, PriceSold) VALUES (28, 69, 2, 2055.1);
INSERT INTO APPEARS_IN (BID, PID, Quantity, PriceSold) VALUES (28, 90, 1, 1621.78);
INSERT INTO APPEARS_IN (BID, PID, Quantity, PriceSold) VALUES (29, 3, 1, 1914.08);
INSERT INTO APPEARS_IN (BID, PID, Quantity, PriceSold) VALUES (29, 93, 2, 1921.0);
INSERT INTO APPEARS_IN (BID, PID, Quantity, PriceSold) VALUES (29, 17, 2, 1801.84);
INSERT INTO APPEARS_IN (BID, PID, Quantity, PriceSold) VALUES (29, 70, 2, 1497.0);
INSERT INTO APPEARS_IN (BID, PID, Quantity, PriceSold) VALUES (29, 86, 1, 619.37);
INSERT INTO APPEARS_IN (BID, PID, Quantity, PriceSold) VALUES (30, 96, 1, 2453.57);
INSERT INTO APPEARS_IN (BID, PID, Quantity, PriceSold) VALUES (30, 2, 2, 1400.55);
INSERT INTO APPEARS_IN (BID, PID, Quantity, PriceSold) VALUES (30, 31, 3, 223.41);
INSERT INTO APPEARS_IN (BID, PID, Quantity, PriceSold) VALUES (30, 3, 1, 1660.54);
INSERT INTO APPEARS_IN (BID, PID, Quantity, PriceSold) VALUES (31, 20, 3, 483.14);
INSERT INTO APPEARS_IN (BID, PID, Quantity, PriceSold) VALUES (31, 19, 1, 2158.6);
INSERT INTO APPEARS_IN (BID, PID, Quantity, PriceSold) VALUES (31, 91, 3, 221.66);
INSERT INTO APPEARS_IN (BID, PID, Quantity, PriceSold) VALUES (32, 64, 1, 1221.92);
INSERT INTO APPEARS_IN (BID, PID, Quantity, PriceSold) VALUES (32, 96, 1, 2315.61);
INSERT INTO APPEARS_IN (BID, PID, Quantity, PriceSold) VALUES (32, 87, 2, 2904.16);
INSERT INTO APPEARS_IN (BID, PID, Quantity, PriceSold) VALUES (32, 21, 3, 1563.42);
INSERT INTO APPEARS_IN (BID, PID, Quantity, PriceSold) VALUES (32, 49, 1, 191.55);
INSERT INTO APPEARS_IN (BID, PID, Quantity, PriceSold) VALUES (33, 28, 3, 624.56);
INSERT INTO APPEARS_IN (BID, PID, Quantity, PriceSold) VALUES (33, 67, 1, 757.01);
INSERT INTO APPEARS_IN (BID, PID, Quantity, PriceSold) VALUES (33, 22, 3, 1930.55);
INSERT INTO APPEARS_IN (BID, PID, Quantity, PriceSold) VALUES (33, 70, 1, 1702.18);
INSERT INTO APPEARS_IN (BID, PID, Quantity, PriceSold) VALUES (34, 41, 1, 2003.33);
INSERT INTO APPEARS_IN (BID, PID, Quantity, PriceSold) VALUES (34, 93, 3, 1775.83);
INSERT INTO APPEARS_IN (BID, PID, Quantity, PriceSold) VALUES (34, 13, 2, 233.79);
INSERT INTO APPEARS_IN (BID, PID, Quantity, PriceSold) VALUES (35, 11, 1, 1003.72);
INSERT INTO APPEARS_IN (BID, PID, Quantity, PriceSold) VALUES (35, 39, 1, 649.97);
INSERT INTO APPEARS_IN (BID, PID, Quantity, PriceSold) VALUES (36, 25, 2, 2493.94);
INSERT INTO APPEARS_IN (BID, PID, Quantity, PriceSold) VALUES (36, 3, 2, 1842.38);
INSERT INTO APPEARS_IN (BID, PID, Quantity, PriceSold) VALUES (36, 79, 2, 2589.71);
INSERT INTO APPEARS_IN (BID, PID, Quantity, PriceSold) VALUES (37, 74, 1, 2523.13);
INSERT INTO APPEARS_IN (BID, PID, Quantity, PriceSold) VALUES (37, 62, 3, 2567.5);
INSERT INTO APPEARS_IN (BID, PID, Quantity, PriceSold) VALUES (37, 37, 3, 1505.04);
INSERT INTO APPEARS_IN (BID, PID, Quantity, PriceSold) VALUES (37, 89, 1, 2160.67);
INSERT INTO APPEARS_IN (BID, PID, Quantity, PriceSold) VALUES (38, 62, 1, 2717.28);
INSERT INTO APPEARS_IN (BID, PID, Quantity, PriceSold) VALUES (38, 58, 1, 2726.38);
INSERT INTO APPEARS_IN (BID, PID, Quantity, PriceSold) VALUES (38, 99, 2, 291.98);
INSERT INTO APPEARS_IN (BID, PID, Quantity, PriceSold) VALUES (38, 82, 3, 2808.01);
INSERT INTO APPEARS_IN (BID, PID, Quantity, PriceSold) VALUES (39, 32, 1, 2551.12);
INSERT INTO APPEARS_IN (BID, PID, Quantity, PriceSold) VALUES (40, 45, 1, 2249.12);
INSERT INTO APPEARS_IN (BID, PID, Quantity, PriceSold) VALUES (41, 86, 2, 594.7);
INSERT INTO APPEARS_IN (BID, PID, Quantity, PriceSold) VALUES (41, 99, 2, 278.7);
INSERT INTO APPEARS_IN (BID, PID, Quantity, PriceSold) VALUES (42, 35, 1, 355.18);
INSERT INTO APPEARS_IN (BID, PID, Quantity, PriceSold) VALUES (42, 91, 3, 214.33);
INSERT INTO APPEARS_IN (BID, PID, Quantity, PriceSold) VALUES (42, 25, 3, 2942.04);
INSERT INTO APPEARS_IN (BID, PID, Quantity, PriceSold) VALUES (43, 87, 2, 3015.56);
INSERT INTO APPEARS_IN (BID, PID, Quantity, PriceSold) VALUES (43, 27, 1, 1255.35);
INSERT INTO APPEARS_IN (BID, PID, Quantity, PriceSold) VALUES (43, 23, 3, 1221.98);
INSERT INTO APPEARS_IN (BID, PID, Quantity, PriceSold) VALUES (44, 34, 3, 2789.57);
INSERT INTO APPEARS_IN (BID, PID, Quantity, PriceSold) VALUES (44, 22, 1, 1868.07);
INSERT INTO APPEARS_IN (BID, PID, Quantity, PriceSold) VALUES (44, 60, 3, 383.62);
INSERT INTO APPEARS_IN (BID, PID, Quantity, PriceSold) VALUES (44, 45, 3, 2245.27);
INSERT INTO APPEARS_IN (BID, PID, Quantity, PriceSold) VALUES (45, 19, 3, 2050.73);
INSERT INTO APPEARS_IN (BID, PID, Quantity, PriceSold) VALUES (46, 38, 3, 1161.36);
INSERT INTO APPEARS_IN (BID, PID, Quantity, PriceSold) VALUES (46, 2, 1, 1405.04);
INSERT INTO APPEARS_IN (BID, PID, Quantity, PriceSold) VALUES (46, 93, 1, 1764.85);
INSERT INTO APPEARS_IN (BID, PID, Quantity, PriceSold) VALUES (46, 3, 3, 1880.2);
INSERT INTO APPEARS_IN (BID, PID, Quantity, PriceSold) VALUES (47, 9, 1, 2263.8);
INSERT INTO APPEARS_IN (BID, PID, Quantity, PriceSold) VALUES (47, 38, 3, 1196.66);
INSERT INTO APPEARS_IN (BID, PID, Quantity, PriceSold) VALUES (47, 68, 1, 1825.53);
INSERT INTO APPEARS_IN (BID, PID, Quantity, PriceSold) VALUES (47, 86, 1, 673.57);
INSERT INTO APPEARS_IN (BID, PID, Quantity, PriceSold) VALUES (48, 71, 1, 1706.18);
INSERT INTO APPEARS_IN (BID, PID, Quantity, PriceSold) VALUES (48, 59, 1, 1720.48);
INSERT INTO APPEARS_IN (BID, PID, Quantity, PriceSold) VALUES (48, 48, 2, 2246.38);
INSERT INTO APPEARS_IN (BID, PID, Quantity, PriceSold) VALUES (49, 69, 2, 2026.84);
INSERT INTO APPEARS_IN (BID, PID, Quantity, PriceSold) VALUES (49, 38, 3, 1140.63);
INSERT INTO APPEARS_IN (BID, PID, Quantity, PriceSold) VALUES (50, 96, 1, 2629.83);
INSERT INTO APPEARS_IN (BID, PID, Quantity, PriceSold) VALUES (51, 92, 3, 1372.64);
INSERT INTO APPEARS_IN (BID, PID, Quantity, PriceSold) VALUES (51, 30, 3, 1082.87);
INSERT INTO APPEARS_IN (BID, PID, Quantity, PriceSold) VALUES (51, 11, 3, 913.13);
INSERT INTO APPEARS_IN (BID, PID, Quantity, PriceSold) VALUES (52, 31, 2, 245.21);
INSERT INTO APPEARS_IN (BID, PID, Quantity, PriceSold) VALUES (52, 83, 2, 104.88);
INSERT INTO APPEARS_IN (BID, PID, Quantity, PriceSold) VALUES (53, 70, 2, 1706.11);
INSERT INTO APPEARS_IN (BID, PID, Quantity, PriceSold) VALUES (53, 13, 1, 251.51);
INSERT INTO APPEARS_IN (BID, PID, Quantity, PriceSold) VALUES (53, 20, 1, 478.16);
INSERT INTO APPEARS_IN (BID, PID, Quantity, PriceSold) VALUES (53, 15, 1, 2315.23);
INSERT INTO APPEARS_IN (BID, PID, Quantity, PriceSold) VALUES (53, 9, 1, 2372.21);
INSERT INTO APPEARS_IN (BID, PID, Quantity, PriceSold) VALUES (54, 82, 1, 2867.96);
INSERT INTO APPEARS_IN (BID, PID, Quantity, PriceSold) VALUES (54, 30, 1, 994.91);
INSERT INTO APPEARS_IN (BID, PID, Quantity, PriceSold) VALUES (55, 91, 1, 217.75);
INSERT INTO APPEARS_IN (BID, PID, Quantity, PriceSold) VALUES (55, 74, 1, 2501.58);
INSERT INTO APPEARS_IN (BID, PID, Quantity, PriceSold) VALUES (55, 31, 1, 219.31);
INSERT INTO APPEARS_IN (BID, PID, Quantity, PriceSold) VALUES (55, 28, 2, 631.27);
INSERT INTO APPEARS_IN (BID, PID, Quantity, PriceSold) VALUES (55, 87, 1, 3008.35);
INSERT INTO APPEARS_IN (BID, PID, Quantity, PriceSold) VALUES (56, 60, 3, 391.31);
INSERT INTO APPEARS_IN (BID, PID, Quantity, PriceSold) VALUES (56, 84, 2, 420.62);
INSERT INTO APPEARS_IN (BID, PID, Quantity, PriceSold) VALUES (56, 47, 2, 1935.61);
INSERT INTO APPEARS_IN (BID, PID, Quantity, PriceSold) VALUES (56, 21, 1, 1785.07);
INSERT INTO APPEARS_IN (BID, PID, Quantity, PriceSold) VALUES (56, 11, 1, 885.41);
INSERT INTO APPEARS_IN (BID, PID, Quantity, PriceSold) VALUES (57, 52, 2, 1162.96);
INSERT INTO APPEARS_IN (BID, PID, Quantity, PriceSold) VALUES (57, 67, 3, 810.36);
INSERT INTO APPEARS_IN (BID, PID, Quantity, PriceSold) VALUES (57, 69, 2, 2010.79);
INSERT INTO APPEARS_IN (BID, PID, Quantity, PriceSold) VALUES (57, 48, 2, 2227.48);
INSERT INTO APPEARS_IN (BID, PID, Quantity, PriceSold) VALUES (57, 85, 2, 2543.66);
INSERT INTO APPEARS_IN (BID, PID, Quantity, PriceSold) VALUES (58, 81, 1, 2417.44);
INSERT INTO APPEARS_IN (BID, PID, Quantity, PriceSold) VALUES (58, 11, 2, 1041.33);
INSERT INTO APPEARS_IN (BID, PID, Quantity, PriceSold) VALUES (58, 89, 3, 1985.06);
INSERT INTO APPEARS_IN (BID, PID, Quantity, PriceSold) VALUES (58, 52, 3, 1311.94);
INSERT INTO APPEARS_IN (BID, PID, Quantity, PriceSold) VALUES (58, 38, 3, 1255.05);
INSERT INTO APPEARS_IN (BID, PID, Quantity, PriceSold) VALUES (59, 79, 3, 2406.04);
INSERT INTO APPEARS_IN (BID, PID, Quantity, PriceSold) VALUES (59, 97, 1, 558.3);
INSERT INTO APPEARS_IN (BID, PID, Quantity, PriceSold) VALUES (60, 49, 2, 181.24);
INSERT INTO APPEARS_IN (BID, PID, Quantity, PriceSold) VALUES (60, 39, 3, 691.51);
INSERT INTO APPEARS_IN (BID, PID, Quantity, PriceSold) VALUES (60, 53, 3, 1335.92);
INSERT INTO APPEARS_IN (BID, PID, Quantity, PriceSold) VALUES (61, 76, 1, 2783.17);
INSERT INTO APPEARS_IN (BID, PID, Quantity, PriceSold) VALUES (61, 72, 2, 2878.2);
INSERT INTO APPEARS_IN (BID, PID, Quantity, PriceSold) VALUES (61, 7, 1, 866.44);
INSERT INTO APPEARS_IN (BID, PID, Quantity, PriceSold) VALUES (62, 28, 1, 654.79);
INSERT INTO APPEARS_IN (BID, PID, Quantity, PriceSold) VALUES (62, 81, 3, 2267.52);
INSERT INTO APPEARS_IN (BID, PID, Quantity, PriceSold) VALUES (62, 26, 3, 1191.72);
INSERT INTO APPEARS_IN (BID, PID, Quantity, PriceSold) VALUES (62, 65, 3, 824.04);
INSERT INTO APPEARS_IN (BID, PID, Quantity, PriceSold) VALUES (63, 61, 2, 826.86);
INSERT INTO APPEARS_IN (BID, PID, Quantity, PriceSold) VALUES (63, 37, 3, 1375.96);
INSERT INTO APPEARS_IN (BID, PID, Quantity, PriceSold) VALUES (63, 86, 2, 649.8);
INSERT INTO APPEARS_IN (BID, PID, Quantity, PriceSold) VALUES (63, 59, 1, 1673.1);
INSERT INTO APPEARS_IN (BID, PID, Quantity, PriceSold) VALUES (64, 7, 2, 989.0);
INSERT INTO APPEARS_IN (BID, PID, Quantity, PriceSold) VALUES (64, 13, 2, 239.0);
INSERT INTO APPEARS_IN (BID, PID, Quantity, PriceSold) VALUES (64, 16, 1, 159.26);
INSERT INTO APPEARS_IN (BID, PID, Quantity, PriceSold) VALUES (65, 3, 2, 1663.27);
INSERT INTO APPEARS_IN (BID, PID, Quantity, PriceSold) VALUES (66, 61, 3, 848.56);
INSERT INTO APPEARS_IN (BID, PID, Quantity, PriceSold) VALUES (66, 73, 3, 415.87);
INSERT INTO APPEARS_IN (BID, PID, Quantity, PriceSold) VALUES (66, 15, 3, 2630.06);
INSERT INTO APPEARS_IN (BID, PID, Quantity, PriceSold) VALUES (66, 43, 2, 476.46);
INSERT INTO APPEARS_IN (BID, PID, Quantity, PriceSold) VALUES (66, 54, 2, 2693.25);
INSERT INTO APPEARS_IN (BID, PID, Quantity, PriceSold) VALUES (67, 33, 3, 375.79);
INSERT INTO APPEARS_IN (BID, PID, Quantity, PriceSold) VALUES (67, 21, 3, 1755.79);
INSERT INTO APPEARS_IN (BID, PID, Quantity, PriceSold) VALUES (67, 88, 3, 1587.15);
INSERT INTO APPEARS_IN (BID, PID, Quantity, PriceSold) VALUES (68, 22, 1, 1913.53);
INSERT INTO APPEARS_IN (BID, PID, Quantity, PriceSold) VALUES (68, 44, 1, 2021.57);
INSERT INTO APPEARS_IN (BID, PID, Quantity, PriceSold) VALUES (68, 69, 1, 2056.76);
INSERT INTO APPEARS_IN (BID, PID, Quantity, PriceSold) VALUES (68, 62, 1, 2307.0);
INSERT INTO APPEARS_IN (BID, PID, Quantity, PriceSold) VALUES (69, 52, 3, 1108.43);
INSERT INTO APPEARS_IN (BID, PID, Quantity, PriceSold) VALUES (69, 25, 1, 2956.5);
INSERT INTO APPEARS_IN (BID, PID, Quantity, PriceSold) VALUES (69, 24, 3, 2473.88);
INSERT INTO APPEARS_IN (BID, PID, Quantity, PriceSold) VALUES (70, 72, 1, 3120.46);
INSERT INTO APPEARS_IN (BID, PID, Quantity, PriceSold) VALUES (70, 61, 2, 823.72);

-- Insert TRANSACTION data
INSERT INTO TRANSACTION (BID, CCNumber, CID, SAName, TDate, TTag) VALUES (1, '4424351474654560', 47, 'Second Home', '2025-01-27 12:14:45', 'delivered');
INSERT INTO TRANSACTION (BID, CCNumber, CID, SAName, TDate, TTag) VALUES (2, '180013834859857', 44, 'Vacation Home', '2024-09-18 12:14:45', 'delivered');
INSERT INTO TRANSACTION (BID, CCNumber, CID, SAName, TDate, TTag) VALUES (3, '4424351474654560', 1, 'Apartment', '2025-01-25 12:14:45', 'delivered');
INSERT INTO TRANSACTION (BID, CCNumber, CID, SAName, TDate, TTag) VALUES (4, '4861797052301364', 37, 'Rental Property', '2025-04-07 12:14:45', 'delivered');
INSERT INTO TRANSACTION (BID, CCNumber, CID, SAName, TDate, TTag) VALUES (5, '180013834859857', 43, 'City Apartment', '2025-01-17 12:14:45', 'delivered');
INSERT INTO TRANSACTION (BID, CCNumber, CID, SAName, TDate, TTag) VALUES (6, '5313919297686513', 13, 'Vacation Home', '2024-04-27 12:14:45', 'not-delivered');
INSERT INTO TRANSACTION (BID, CCNumber, CID, SAName, TDate, TTag) VALUES (8, '213185111465847', 47, 'Second Home', '2024-04-23 12:14:45', 'delivered');
INSERT INTO TRANSACTION (BID, CCNumber, CID, SAName, TDate, TTag) VALUES (9, '30270558103449', 22, 'Lake House', '2024-12-09 12:14:45', 'delivered');
INSERT INTO TRANSACTION (BID, CCNumber, CID, SAName, TDate, TTag) VALUES (10, '6580482761927305', 37, 'Mom''s House', '2025-02-19 12:14:45', 'not-delivered');
INSERT INTO TRANSACTION (BID, CCNumber, CID, SAName, TDate, TTag) VALUES (11, '4579950387647844', 15, 'Mom''s House', '2024-04-22 12:14:45', 'delivered');
INSERT INTO TRANSACTION (BID, CCNumber, CID, SAName, TDate, TTag) VALUES (12, '4069295109929346884', 26, 'P.O. Box', '2024-11-05 12:14:45', 'delivered');
INSERT INTO TRANSACTION (BID, CCNumber, CID, SAName, TDate, TTag) VALUES (13, '4352170442334332284', 33, 'Office', '2024-09-02 12:14:45', 'not-delivered');
INSERT INTO TRANSACTION (BID, CCNumber, CID, SAName, TDate, TTag) VALUES (14, '676130547661', 31, 'Beach House', '2024-06-05 12:14:45', 'delivered');
INSERT INTO TRANSACTION (BID, CCNumber, CID, SAName, TDate, TTag) VALUES (15, '6011095425475658', 33, 'Office', '2024-04-21 12:14:45', 'not-delivered');
INSERT INTO TRANSACTION (BID, CCNumber, CID, SAName, TDate, TTag) VALUES (16, '4579950387647844', 40, 'P.O. Box', '2025-03-19 12:14:45', 'not-delivered');
INSERT INTO TRANSACTION (BID, CCNumber, CID, SAName, TDate, TTag) VALUES (17, '5313919297686513', 39, 'Dorm Room', '2025-03-16 12:14:45', 'not-delivered');
INSERT INTO TRANSACTION (BID, CCNumber, CID, SAName, TDate, TTag) VALUES (18, '6011629458463213', 23, 'Main Residence', '2024-12-08 12:14:45', 'delivered');
INSERT INTO TRANSACTION (BID, CCNumber, CID, SAName, TDate, TTag) VALUES (19, '38720459670062', 31, 'Parent''s House', '2024-04-30 12:14:45', 'not-delivered');
INSERT INTO TRANSACTION (BID, CCNumber, CID, SAName, TDate, TTag) VALUES (20, '3589971496565800', 14, 'Rental Property', '2025-03-25 12:14:45', 'not-delivered');
INSERT INTO TRANSACTION (BID, CCNumber, CID, SAName, TDate, TTag) VALUES (21, '3570767879822573', 43, 'Mom''s House', '2025-04-05 12:14:45', 'delivered');
INSERT INTO TRANSACTION (BID, CCNumber, CID, SAName, TDate, TTag) VALUES (24, '6011924380623954', 13, 'Second Home', '2024-09-14 12:14:45', 'delivered');
INSERT INTO TRANSACTION (BID, CCNumber, CID, SAName, TDate, TTag) VALUES (25, '6011924380623954', 3, 'Lake House', '2025-01-05 12:14:45', 'delivered');
INSERT INTO TRANSACTION (BID, CCNumber, CID, SAName, TDate, TTag) VALUES (27, '4068180448261', 21, 'Business Address', '2024-11-12 12:14:45', 'delivered');
INSERT INTO TRANSACTION (BID, CCNumber, CID, SAName, TDate, TTag) VALUES (28, '4664745421668325753', 40, 'Business Address', '2024-10-10 12:14:45', 'delivered');
INSERT INTO TRANSACTION (BID, CCNumber, CID, SAName, TDate, TTag) VALUES (29, '30485142984621', 25, 'Cabin', '2025-03-27 12:14:45', 'delivered');
INSERT INTO TRANSACTION (BID, CCNumber, CID, SAName, TDate, TTag) VALUES (30, '180090217064883', 21, 'Business Address', '2024-05-23 12:14:45', 'delivered');
INSERT INTO TRANSACTION (BID, CCNumber, CID, SAName, TDate, TTag) VALUES (31, '180090217064883', 9, 'Sister''s Place', '2024-06-10 12:14:45', 'not-delivered');
INSERT INTO TRANSACTION (BID, CCNumber, CID, SAName, TDate, TTag) VALUES (32, '30270558103449', 45, 'Winter Home', '2025-04-04 12:14:45', 'not-delivered');
INSERT INTO TRANSACTION (BID, CCNumber, CID, SAName, TDate, TTag) VALUES (34, '4428540192712', 13, 'Second Home', '2024-05-03 12:14:45', 'delivered');
INSERT INTO TRANSACTION (BID, CCNumber, CID, SAName, TDate, TTag) VALUES (36, '3577536989297650', 23, 'Main Residence', '2024-10-29 12:14:45', 'not-delivered');
INSERT INTO TRANSACTION (BID, CCNumber, CID, SAName, TDate, TTag) VALUES (37, '3595220915395197', 7, 'P.O. Box', '2024-05-01 12:14:45', 'not-delivered');
INSERT INTO TRANSACTION (BID, CCNumber, CID, SAName, TDate, TTag) VALUES (38, '4232841911480522', 21, 'Second Home', '2024-12-02 12:14:45', 'not-delivered');
INSERT INTO TRANSACTION (BID, CCNumber, CID, SAName, TDate, TTag) VALUES (39, '5313919297686513', 31, 'Parent''s House', '2024-10-19 12:14:45', 'delivered');
INSERT INTO TRANSACTION (BID, CCNumber, CID, SAName, TDate, TTag) VALUES (40, '346269597731912', 31, 'Beach House', '2025-03-18 12:14:45', 'delivered');
INSERT INTO TRANSACTION (BID, CCNumber, CID, SAName, TDate, TTag) VALUES (41, '30156319403964', 15, 'Mom''s House', '2024-10-03 12:14:45', 'not-delivered');
INSERT INTO TRANSACTION (BID, CCNumber, CID, SAName, TDate, TTag) VALUES (42, '4352170442334332284', 17, 'Main Residence', '2025-03-11 12:14:45', 'not-delivered');
INSERT INTO TRANSACTION (BID, CCNumber, CID, SAName, TDate, TTag) VALUES (43, '4176040164121864342', 44, 'Cabin', '2025-01-18 12:14:45', 'not-delivered');
INSERT INTO TRANSACTION (BID, CCNumber, CID, SAName, TDate, TTag) VALUES (44, '4176040164121864342', 5, 'Work', '2024-09-27 12:14:45', 'not-delivered');
INSERT INTO TRANSACTION (BID, CCNumber, CID, SAName, TDate, TTag) VALUES (46, '180013012055252', 1, 'Second Home', '2024-07-05 12:14:45', 'delivered');
INSERT INTO TRANSACTION (BID, CCNumber, CID, SAName, TDate, TTag) VALUES (47, '4669939063275500', 32, 'Dorm Room', '2024-08-07 12:14:45', 'not-delivered');
INSERT INTO TRANSACTION (BID, CCNumber, CID, SAName, TDate, TTag) VALUES (48, '379925993991653', 27, 'P.O. Box', '2024-09-30 12:14:45', 'delivered');
INSERT INTO TRANSACTION (BID, CCNumber, CID, SAName, TDate, TTag) VALUES (49, '4378449515549', 29, 'Business Address', '2024-05-25 12:14:45', 'delivered');
INSERT INTO TRANSACTION (BID, CCNumber, CID, SAName, TDate, TTag) VALUES (50, '3531062591951464', 20, 'Winter Home', '2025-01-08 12:14:45', 'not-delivered');
INSERT INTO TRANSACTION (BID, CCNumber, CID, SAName, TDate, TTag) VALUES (51, '6546274969020352', 26, 'P.O. Box', '2024-12-25 12:14:45', 'delivered');
INSERT INTO TRANSACTION (BID, CCNumber, CID, SAName, TDate, TTag) VALUES (52, '676130547661', 36, 'Home', '2024-04-21 12:14:45', 'delivered');
INSERT INTO TRANSACTION (BID, CCNumber, CID, SAName, TDate, TTag) VALUES (53, '3592336158162764', 49, 'Home', '2024-06-03 12:14:45', 'not-delivered');
INSERT INTO TRANSACTION (BID, CCNumber, CID, SAName, TDate, TTag) VALUES (56, '180090217064883', 10, 'Office', '2024-11-01 12:14:45', 'delivered');
INSERT INTO TRANSACTION (BID, CCNumber, CID, SAName, TDate, TTag) VALUES (57, '4463981277417690', 3, 'Lake House', '2024-07-14 12:14:45', 'not-delivered');
INSERT INTO TRANSACTION (BID, CCNumber, CID, SAName, TDate, TTag) VALUES (58, '4579950387647844', 12, 'Parent''s House', '2025-01-12 12:14:45', 'not-delivered');
INSERT INTO TRANSACTION (BID, CCNumber, CID, SAName, TDate, TTag) VALUES (60, '4956119319845', 26, 'City Apartment', '2025-01-07 12:14:45', 'not-delivered');
INSERT INTO TRANSACTION (BID, CCNumber, CID, SAName, TDate, TTag) VALUES (61, '36991453803585', 16, 'Sister''s Place', '2024-06-19 12:14:45', 'not-delivered');
INSERT INTO TRANSACTION (BID, CCNumber, CID, SAName, TDate, TTag) VALUES (62, '346269597731912', 2, 'Cabin', '2024-07-24 12:14:45', 'not-delivered');
INSERT INTO TRANSACTION (BID, CCNumber, CID, SAName, TDate, TTag) VALUES (63, '4501459185728148', 31, 'Beach House', '2024-04-14 12:14:45', 'delivered');
INSERT INTO TRANSACTION (BID, CCNumber, CID, SAName, TDate, TTag) VALUES (64, '630465066433', 22, 'Lake House', '2024-08-17 12:14:45', 'not-delivered');
INSERT INTO TRANSACTION (BID, CCNumber, CID, SAName, TDate, TTag) VALUES (65, '4176040164121864342', 13, 'Vacation Home', '2024-07-25 12:14:45', 'not-delivered');
INSERT INTO TRANSACTION (BID, CCNumber, CID, SAName, TDate, TTag) VALUES (66, '4936761598100982647', 32, 'Dorm Room', '2024-04-25 12:14:45', 'not-delivered');
INSERT INTO TRANSACTION (BID, CCNumber, CID, SAName, TDate, TTag) VALUES (67, '180013834859857', 20, 'Winter Home', '2024-10-09 12:14:45', 'delivered');
INSERT INTO TRANSACTION (BID, CCNumber, CID, SAName, TDate, TTag) VALUES (68, '3556534067376673', 8, 'Winter Home', '2024-06-01 12:14:45', 'not-delivered');
INSERT INTO TRANSACTION (BID, CCNumber, CID, SAName, TDate, TTag) VALUES (70, '30557421758684', 49, 'Mom''s House', '2025-02-04 12:14:45', 'not-delivered');
